ObsFarm#,FID0,Xf,Yf,Ecology,Xd,Yd,DistName,DistID,Region,REGION,DistKey,District,pH,SOC,Fe_meq100g,Al_meq100g,Clay
1,1202,-2.309,6.972,MSNW,-2.411475117,6.864890163,Dadiesoba,BA2,Brong Ahafo,BA,DADIESOABA,Dadiesoaba,6.61,0.617,0.023,1.69,34.76
2,1584,-2.23,6.319,ME,-2.248519818,6.315543698,Bibiani,WN6,Western North,WN,BIBIANI,Bibiani,5.54,0.173,0.023,3.01,12.76
3,1338,-0.222,6.201,DSIZ,-0.116434066,6.222062609,Oyoko,ER9,Eastern,ER,OYOKO,Oyoko,6.19,0.112,0.024,9.8,24.76
4,1410,-0.711,5.717,MSSE,-0.742503709,5.820003506,Asamankese,ER1,Eastern,ER,ASAMANKESE,Asamankese,5.14,0.097,0.027,12.3,18.76
5,1346,-0.537,6.088,MSSE,-0.435991616,6.297230947,Tafo,ER8,Eastern,ER,TAFO,Kibi/Tafo,6.99,0.318,0.03,13.23,18.76
6,1180,-1.98,7.517,DSFZ,-1.900377026,7.68534414,Sunyani,BA8,Brong Ahafo,BA,SUNYANI,Sunyani,6.29,0.608,0.03,2.8,30.76
7,1170,-2.494,6.817,MSNW,-2.622448196,7.072896329,Goaso,BA4,Brong Ahafo,BA,GOASO,Goaso,6.08,0.782,0.031,2.16,14.76
8,1153,-2.484,6.605,MSNW,-2.633656006,6.687102282,Sankore,BA1,Brong Ahafo,BA,SANKORE,Sankore,5.78,1.122,0.031,4.2,28.76
9,1406,-0.702,5.871,MSSE,-0.742503709,5.820003506,Asamankese,ER1,Eastern,ER,ASAMANKESE,Asamankese,4.48,0.061,0.032,11.11,12.76
10,1583,-2.282,6.322,MSSE,-2.248519818,6.315543698,Bibiani,WN6,Western North,WN,BIBIANI,Bibiani,5.22,0.166,0.032,2.05,10.76
11,1329,-0.314,6.032,DSIZ,-0.116434066,6.222062609,Oyoko,ER9,Eastern,ER,OYOKO,Oyoko,6.67,0.266,0.033,2.33,12.76
12,1127,-3.023,6.959,MSNW,-2.949514737,7.052434103,Nkrankwanta,BA3,Brong Ahafo,BA,NKRANKWANTA,Nkrankwanta,5.89,0.601,0.034,6.89,20.76
13,1197,-2.454,6.785,MSNW,-2.411475117,6.864890163,Dadiesoba,BA2,Brong Ahafo,BA,DADIESOABA,Dadiesoaba,6.41,1.025,0.034,3.13,28.76
14,1615,-2.885,6.387,MSSE,-2.908183268,6.419964677,Juaboso,WN8,Western North,WN,JUABOSO,Juaboso,5.72,0.751,0.034,2.99,28.76
15,1179,-1.906,7.526,DSFZ,-1.900377026,7.68534414,Sunyani,BA8,Brong Ahafo,BA,SUNYANI,Sunyani,5.93,0.42,0.035,1.7,32.76
16,1199,-2.485,6.837,MSNW,-2.411475117,6.864890163,Dadiesoba,BA2,Brong Ahafo,BA,DADIESOABA,Dadiesoaba,6.02,1.141,0.035,3.41,16.76
17,1383,-0.477,5.994,DSIZ,-0.470140343,5.910008224,Suhum,ER2,Eastern,ER,SUHUM,Suhum,6.34,0.463,0.036,16.25,30.76
18,1388,-0.502,5.964,DSIZ,-0.470140343,5.910008224,Suhum,ER2,Eastern,ER,SUHUM,Suhum,6.31,0.193,0.036,10.57,12.76
19,1177,-2.054,7.557,DSFZ,-1.900377026,7.68534414,Sunyani,BA8,Brong Ahafo,BA,SUNYANI,Sunyani,5.91,0.217,0.036,1.56,28.76
20,1605,-2.233,6.416,MSSE,-2.248519818,6.315543698,Bibiani,WN6,Western North,WN,BIBIANI,Bibiani,6.71,0.183,0.036,5.36,12.76
21,1186,-2.192,7.205,MSNW,-2.196283975,7.190690197,Bechem,BA5,Brong Ahafo,BA,BECHEM,Bechem,5.97,0.755,0.036,5.16,8.76
22,1414,-0.713,5.825,MSSE,-0.742503709,5.820003506,Asamankese,ER1,Eastern,ER,ASAMANKESE,Asamankese,5.72,0.24,0.036,8.78,16.76
23,1178,-1.886,7.582,DSFZ,-1.900377026,7.68534414,Sunyani,BA8,Brong Ahafo,BA,SUNYANI,Sunyani,6.03,0.256,0.036,1.92,18.76
24,1161,-2.644,7.043,MSNW,-2.622448196,7.072896329,Goaso,BA4,Brong Ahafo,BA,GOASO,Goaso,5.76,0.212,0.037,0.64,24.76
25,1639,-3.173,6.837,MSNW,-3.057356163,6.838899362,Adaborkrom,WN11,Western North,WN,ADABORKROM,Adabokrom,5.64,0.097,0.037,4.23,8.76
26,1640,-3.119,6.832,MSNW,-3.057356163,6.838899362,Adaborkrom,WN11,Western North,WN,ADABORKROM,Adabokrom,6.21,0.218,0.037,5.2,12.76
27,1128,-3.058,6.973,MSNW,-2.949514737,7.052434103,Nkrankwanta,BA3,Brong Ahafo,BA,NKRANKWANTA,Nkrankwanta,6.27,0.508,0.038,3.77,16.76
28,1193,-2.421,6.754,MSNW,-2.411475117,6.864890163,Dadiesoba,BA2,Brong Ahafo,BA,DADIESOABA,Dadiesoaba,6.31,0.579,0.038,2.62,20.76
29,1167,-2.56,6.953,MSNW,-2.622448196,7.072896329,Goaso,BA4,Brong Ahafo,BA,GOASO,Goaso,5.65,0.561,0.038,4.74,28.76
30,1339,-0.111,6.191,DSIZ,-0.116434066,6.222062609,Oyoko,ER9,Eastern,ER,OYOKO,Oyoko,5.97,0.106,0.038,8.19,28.76
31,1236,-0.852,5.61,MSSE,-0.684977864,5.606130256,Nyakrom,CR2,Central,CR,NYAKROM,Nyarkrom,5.64,0.388,0.039,2.59,10.76
32,1154,-2.546,6.53,MSNW,-2.633656006,6.687102282,Sankore,BA1,Brong Ahafo,BA,SANKORE,Sankore,5.72,0.741,0.039,2.45,18.76
33,1409,-0.762,5.747,MSSE,-0.742503709,5.820003506,Asamankese,ER1,Eastern,ER,ASAMANKESE,Asamankese,4.5,0.121,0.039,6.77,26.76
34,1203,-2.298,6.962,MSNW,-2.411475117,6.864890163,Dadiesoba,BA2,Brong Ahafo,BA,DADIESOABA,Dadiesoaba,6.88,0.503,0.039,1.59,16.76
35,1337,-0.196,6.137,DSIZ,-0.116434066,6.222062609,Oyoko,ER9,Eastern,ER,OYOKO,Oyoko,6.23,0.148,0.04,5.57,16.76
36,1407,-0.65,5.792,DSIZ,-0.742503709,5.820003506,Asamankese,ER1,Eastern,ER,ASAMANKESE,Asamankese,6.09,0.134,0.04,17.13,16.76
37,1384,-0.667,5.948,MSSE,-0.470140343,5.910008224,Suhum,ER2,Eastern,ER,SUHUM,Suhum,6.23,0.287,0.04,15.4,16.76
38,1181,-1.996,7.466,DSFZ,-1.900377026,7.68534414,Sunyani,BA8,Brong Ahafo,BA,SUNYANI,Sunyani,6.22,0.486,0.041,1.12,18.76
39,1175,-2.094,7.492,DSFZ,-1.900377026,7.68534414,Sunyani,BA8,Brong Ahafo,BA,SUNYANI,Sunyani,6.01,0.768,0.041,1.76,22.76
40,1166,-2.608,6.933,MSNW,-2.622448196,7.072896329,Goaso,BA4,Brong Ahafo,BA,GOASO,Goaso,5.89,0.465,0.041,3.16,26.76
41,1413,-0.822,5.785,MSSE,-0.742503709,5.820003506,Asamankese,ER1,Eastern,ER,ASAMANKESE,Asamankese,5.63,0.256,0.041,5.87,16.76
42,1376,-0.421,6.04,DSIZ,-0.470140343,5.910008224,Suhum,ER2,Eastern,ER,SUHUM,Suhum,5.57,0.128,0.041,12.67,14.76
43,1304,-1.006,5.437,DSIZ,-0.978686053,5.441262108,Asikuma,CR4,Central,CR,ASIKUMA,Asikuma,5.71,0.168,0.041,3.28,6.76
44,1387,-0.441,5.888,DSIZ,-0.470140343,5.910008224,Suhum,ER2,Eastern,ER,SUHUM,Suhum,6.25,0.271,0.042,9.95,16.76
45,1302,-1.046,5.671,MSSE,-0.978686053,5.441262108,Asikuma,CR4,Central,CR,ASIKUMA,Asikuma,6.29,0.176,0.042,2.14,6.76
46,1006,-2.15,6.88,MSNW,-2.029235028,6.950203272,Tepa,AR9,Ashanti,AR,TEPA,Tepa,6.36,0.995,0.042,6.62,24.76
47,1224,-0.936,5.646,MSSE,-0.684977864,5.606130256,Nyakrom,CR2,Central,CR,NYAKROM,Nyarkrom,5.6,0.227,0.042,2.95,10.76
48,1565,-3.124,6.94,MSNW,-3.057356163,6.838899362,Adaborkrom,WN11,Western North,WN,ADABORKROM,Adabokrom,6.3,0.244,0.042,4,22.76
49,1129,-3.057,6.99,MSNW,-2.949514737,7.052434103,Nkrankwanta,BA3,Brong Ahafo,BA,NKRANKWANTA,Nkrankwanta,6.13,0.739,0.042,4.65,14.76
50,1152,-2.453,6.63,MSNW,-2.633656006,6.687102282,Sankore,BA1,Brong Ahafo,BA,SANKORE,Sankore,5.79,0.782,0.042,4.43,26.76
51,1674,-2.275,6.465,MSSE,-2.248519818,6.315543698,Bibiani,WN6,Western North,WN,BIBIANI,Bibiani,5.71,0.267,0.042,5.84,12.76
52,1390,-0.577,5.968,MSSE,-0.470140343,5.910008224,Suhum,ER2,Eastern,ER,SUHUM,Suhum,6.22,0.166,0.043,21.84,14.76
53,1136,-2.89,7.491,MSNW,-2.715734955,7.578107281,Dormaa Ahenkro,BA6,Brong Ahafo,BA,DORMAA AHENKRO,Dormaa Ahenkro,6.27,0.98,0.043,4.11,34.76
54,1182,-2.047,7.09,MSNW,-2.196283975,7.190690197,Bechem,BA5,Brong Ahafo,BA,BECHEM,Bechem,6.11,0.512,0.043,3.02,26.76
55,1464,-0.876,6.606,MSSE,-0.665088912,6.619832184,Nkwakwa,ER10,Eastern,ER,NKAWKAW,Nkawkaw,5.29,0.615,0.043,10,36
56,1204,-2.277,6.971,MSNW,-2.411475117,6.864890163,Dadiesoba,BA2,Brong Ahafo,BA,DADIESOABA,Dadiesoaba,6.72,0.874,0.044,3.32,18.76
57,1041,-1.405,7.196,DSFZ,-1.438686829,7.026720576,Mampong,AR11,Ashanti,AR,MAMPONG,Mampong,5.6,0.341,0.044,5.4,24.76
58,1359,-0.321,6.205,MSSE,-0.435991616,6.297230947,Tafo,ER8,Eastern,ER,TAFO,Kibi/Tafo,6.22,0.179,0.044,8.36,18.76
59,1183,-2.126,7.139,MSNW,-2.196283975,7.190690197,Bechem,BA5,Brong Ahafo,BA,BECHEM,Bechem,5.98,0.472,0.045,3.23,40.76
60,1201,-2.451,6.888,MSNW,-2.411475117,6.864890163,Dadiesoba,BA2,Brong Ahafo,BA,DADIESOABA,Dadiesoaba,6.34,1.178,0.045,3.3,22.76
61,1305,-1.009,5.389,DSIZ,-0.978686053,5.441262108,Asikuma,CR4,Central,CR,ASIKUMA,Asikuma,5,0.306,0.045,2.79,16.76
62,1330,-0.294,5.953,DSIZ,-0.116434066,6.222062609,Oyoko,ER9,Eastern,ER,OYOKO,Oyoko,6.51,0.1,0.045,8.2,16.76
63,1222,-0.87,5.589,MSSE,-0.684977864,5.606130256,Nyakrom,CR2,Central,CR,NYAKROM,Nyarkrom,5.34,0.296,0.045,3.11,10.76
64,1216,-0.779,5.542,DSIZ,-0.684977864,5.606130256,Nyakrom,CR2,Central,CR,NYAKROM,Nyarkrom,5.92,0.235,0.045,2.5,8.76
65,1676,-3.157,6.783,MSNW,-3.126562592,6.535882038,Essam,WN9,Western North,WN,ESSAM,Essam,6.83,0.347,0.045,4.4,14.76
66,1171,-2.213,7.364,DSFZ,-1.900377026,7.68534414,Sunyani,BA8,Brong Ahafo,BA,SUNYANI,Sunyani,5.82,0.447,0.046,2.13,18.76
67,1592,-2.668,6.412,MSSE,-2.637524769,6.302919333,Boako,WN7,Western North,WN,BOAKO,Boako,5.5,0.467,0.046,6.7,20.76
68,1411,-0.777,5.714,MSSE,-0.742503709,5.820003506,Asamankese,ER1,Eastern,ER,ASAMANKESE,Asamankese,5.28,0.164,0.046,7.96,22.76
69,1158,-2.641,6.605,MSNW,-2.633656006,6.687102282,Sankore,BA1,Brong Ahafo,BA,SANKORE,Sankore,5.92,0.496,0.046,2.63,26.76
70,1412,-0.803,5.805,MSSE,-0.742503709,5.820003506,Asamankese,ER1,Eastern,ER,ASAMANKESE,Asamankese,5.46,0.362,0.046,12.87,22.76
71,1125,-2.871,6.914,MSNW,-2.949514737,7.052434103,Nkrankwanta,BA3,Brong Ahafo,BA,NKRANKWANTA,Nkrankwanta,5.98,0.92,0.046,10.39,20.76
72,1184,-2.156,7.103,MSNW,-2.196283975,7.190690197,Bechem,BA5,Brong Ahafo,BA,BECHEM,Bechem,5.79,0.258,0.046,1.72,18.76
73,1380,-0.365,5.978,DSIZ,-0.470140343,5.910008224,Suhum,ER2,Eastern,ER,SUHUM,Suhum,5.98,0.182,0.046,10.06,26.76
74,1157,-2.566,6.561,MSNW,-2.633656006,6.687102282,Sankore,BA1,Brong Ahafo,BA,SANKORE,Sankore,6.02,0.386,0.046,3.06,20.76
75,1586,-2.837,6.317,ME,-2.908183268,6.419964677,Juaboso,WN8,Western North,WN,JUABOSO,Juaboso,5.08,0.974,0.047,8.37,18.76
76,1139,-2.706,7.165,MSNW,-2.715734955,7.578107281,Dormaa Ahenkro,BA6,Brong Ahafo,BA,DORMAA AHENKRO,Dormaa Ahenkro,5.97,0.823,0.047,5.97,24.76
77,1160,-2.498,6.42,MSSE,-2.633656006,6.687102282,Sankore,BA1,Brong Ahafo,BA,SANKORE,Sankore,6.12,0.737,0.047,2.71,20.76
78,1597,-2.923,6.463,MSNW,-2.908183268,6.419964677,Juaboso,WN8,Western North,WN,JUABOSO,Juaboso,5,0.438,0.047,2.78,40.76
79,1126,-3.052,6.947,MSNW,-2.949514737,7.052434103,Nkrankwanta,BA3,Brong Ahafo,BA,NKRANKWANTA,Nkrankwanta,5.89,0.507,0.047,5.15,18.76
80,1347,-0.564,6.101,MSSE,-0.435991616,6.297230947,Tafo,ER8,Eastern,ER,TAFO,Kibi/Tafo,6.79,0.396,0.047,14.39,24.76
81,1249,-1.284,5.61,ME,-1.383082632,5.540127719,Twifo Praso,CR3,Central,CR,TWIFO PRASO,Twifo Praso,5.6,0.151,0.047,2.79,6.76
82,1365,-0.567,6.388,MSSE,-0.631530883,6.364693865,Osino,ER6,Eastern,ER,OSINO,Osino,4.65,0.127,0.047,15.63,20.76
83,1602,-2.97,6.549,MSNW,-2.89284739,6.617246374,Adjuafoah,WN10,Western North,WN,ADJUAFOAH,Adjofua,6.04,0.476,0.047,3.99,24.76
84,1176,-2.12,7.533,DSFZ,-1.900377026,7.68534414,Sunyani,BA8,Brong Ahafo,BA,SUNYANI,Sunyani,5.98,0.196,0.048,0.19,34.76
85,1169,-2.534,6.848,MSNW,-2.622448196,7.072896329,Goaso,BA4,Brong Ahafo,BA,GOASO,Goaso,5.44,0.847,0.048,2.64,24.76
86,1585,-2.296,6.38,MSSE,-2.248519818,6.315543698,Bibiani,WN6,Western North,WN,BIBIANI,Bibiani,5.72,0.187,0.048,4.7,14.76
87,1124,-2.891,6.926,MSNW,-2.949514737,7.052434103,Nkrankwanta,BA3,Brong Ahafo,BA,NKRANKWANTA,Nkrankwanta,6.14,0.72,0.048,9.29,22.76
88,1162,-2.685,7.075,MSNW,-2.622448196,7.072896329,Goaso,BA4,Brong Ahafo,BA,GOASO,Goaso,5.63,0.473,0.048,3.86,28.76
89,1172,-2.169,7.352,DSFZ,-1.900377026,7.68534414,Sunyani,BA8,Brong Ahafo,BA,SUNYANI,Sunyani,5.72,0.563,0.049,1.3,12.76
90,1385,-0.491,5.91,DSIZ,-0.470140343,5.910008224,Suhum,ER2,Eastern,ER,SUHUM,Suhum,6.06,0.202,0.049,18.7,12.76
91,1306,-1.001,5.379,DSIZ,-0.978686053,5.441262108,Asikuma,CR4,Central,CR,ASIKUMA,Asikuma,5.08,0.245,0.049,2.95,12.76
92,1381,-0.373,6.002,DSIZ,-0.470140343,5.910008224,Suhum,ER2,Eastern,ER,SUHUM,Suhum,5.95,0.197,0.049,14.75,18.76
93,1627,-2.956,6.496,MSNW,-2.89284739,6.617246374,Adjuafoah,WN10,Western North,WN,ADJUAFOAH,Adjofua,5.82,0.469,0.049,3,22.76
94,1194,-2.393,6.734,MSNW,-2.411475117,6.864890163,Dadiesoba,BA2,Brong Ahafo,BA,DADIESOABA,Dadiesoaba,6.31,0.588,0.049,4.2,26.76
95,1379,-0.363,6.01,DSIZ,-0.470140343,5.910008224,Suhum,ER2,Eastern,ER,SUHUM,Suhum,5.62,0.134,0.049,13.31,16.76
96,1022,-1.938,6.659,MSSE,-2.061682354,6.548614447,Nkawie,AR6,Ashanti,AR,NKAWIE,Nkawie,6.44,0.594,0.049,7.36,30.76
97,1148,-2.278,7.408,DSFZ,-2.374398011,7.706209574,Berekum,BA7,Brong Ahafo,BA,BEREKUM,Berekum,6.32,0.635,0.049,4.53,24.76
98,1342,-0.144,6.343,DSIZ,-0.116434066,6.222062609,Oyoko,ER9,Eastern,ER,OYOKO,Oyoko,6.4,0.265,0.049,11.15,30.76
99,1567,-2.771,6.149,ME,-2.832658207,6.218420317,Bodi,WN5,Western North,WN,BODI,Bodi,5.16,0.755,0.049,6.77,42.76
100,1156,-2.563,6.537,MSNW,-2.633656006,6.687102282,Sankore,BA1,Brong Ahafo,BA,SANKORE,Sankore,6.36,0.107,0.05,3.28,22.76
101,1351,-0.366,6.454,MSSE,-0.435991616,6.297230947,Tafo,ER8,Eastern,ER,TAFO,Kibi/Tafo,5,0.176,0.05,18.99,20.76
102,1341,-0.151,6.387,DSIZ,-0.116434066,6.222062609,Oyoko,ER9,Eastern,ER,OYOKO,Oyoko,6.17,0.26,0.05,14.86,18.76
103,1555,-3.022,6.846,MSNW,-3.057356163,6.838899362,Adaborkrom,WN11,Western North,WN,ADABORKROM,Adabokrom,6.85,0.428,0.05,4.02,20.76
104,1220,-1.008,5.726,MSSE,-0.684977864,5.606130256,Nyakrom,CR2,Central,CR,NYAKROM,Nyarkrom,6.06,0.241,0.05,2.05,10.76
105,1195,-2.403,6.788,MSNW,-2.411475117,6.864890163,Dadiesoba,BA2,Brong Ahafo,BA,DADIESOABA,Dadiesoaba,6.12,0.709,0.051,3.76,30.76
106,1350,-0.4,6.539,MSSE,-0.435991616,6.297230947,Tafo,ER8,Eastern,ER,TAFO,Kibi/Tafo,5.01,0.111,0.051,12.73,16
107,1334,-0.339,6.154,DSIZ,-0.116434066,6.222062609,Oyoko,ER9,Eastern,ER,OYOKO,Oyoko,6.09,0.112,0.051,6.71,14.76
108,1358,-0.33,6.236,MSSE,-0.435991616,6.297230947,Tafo,ER8,Eastern,ER,TAFO,Kibi/Tafo,5.63,0.187,0.051,9.37,12.76
109,1146,-2.281,7.38,DSFZ,-2.374398011,7.706209574,Berekum,BA7,Brong Ahafo,BA,BEREKUM,Berekum,5.69,0.542,0.051,4.94,28.76
110,1408,-0.705,5.79,MSSE,-0.742503709,5.820003506,Asamankese,ER1,Eastern,ER,ASAMANKESE,Asamankese,5.67,0.082,0.051,10.15,12.76
111,1173,-2.153,7.357,DSFZ,-1.900377026,7.68534414,Sunyani,BA8,Brong Ahafo,BA,SUNYANI,Sunyani,6.07,0.528,0.051,1.65,16.76
112,1164,-2.71,6.916,MSNW,-2.622448196,7.072896329,Goaso,BA4,Brong Ahafo,BA,GOASO,Goaso,5.81,0.376,0.052,2.87,20.76
113,1210,-0.651,5.631,DSIZ,-0.684977864,5.606130256,Nyakrom,CR2,Central,CR,NYAKROM,Nyarkrom,6.29,0.255,0.052,1.92,12.76
114,1212,-0.631,5.555,DSIZ,-0.684977864,5.606130256,Nyakrom,CR2,Central,CR,NYAKROM,Nyarkrom,5.68,0.251,0.052,2.51,8.76
115,1132,-2.764,7.223,MSNW,-2.715734955,7.578107281,Dormaa Ahenkro,BA6,Brong Ahafo,BA,DORMAA AHENKRO,Dormaa Ahenkro,5.33,0.491,0.052,6.01,30.76
116,1331,-0.254,5.933,DSIZ,-0.116434066,6.222062609,Oyoko,ER9,Eastern,ER,OYOKO,Oyoko,6.39,0.229,0.052,12.15,22.76
117,1014,-2.006,7.029,MSNW,-2.110508472,6.762945966,Mankranso,AR7,Ashanti,AR,MANKRANSO,Mankranso,6.33,0.803,0.052,8.78,24.76
118,1309,-1.086,5.694,ME,-0.978686053,5.441262108,Asikuma,CR4,Central,CR,ASIKUMA,Asikuma,6.18,0.429,0.052,3.25,6.76
119,1192,-2.421,6.77,MSNW,-2.411475117,6.864890163,Dadiesoba,BA2,Brong Ahafo,BA,DADIESOABA,Dadiesoaba,6.38,0.69,0.053,4,24.76
120,1214,-0.703,5.564,DSIZ,-0.684977864,5.606130256,Nyakrom,CR2,Central,CR,NYAKROM,Nyarkrom,6,0.437,0.053,3.01,12.76
121,1632,-3.1,6.603,MSNW,-3.126562592,6.535882038,Essam,WN9,Western North,WN,ESSAM,Essam,5.04,0.221,0.053,6.32,12.76
122,1307,-1.025,5.4,DSIZ,-0.978686053,5.441262108,Asikuma,CR4,Central,CR,ASIKUMA,Asikuma,5.36,0.26,0.053,1.46,12.76
123,1150,-2.415,6.612,MSNW,-2.633656006,6.687102282,Sankore,BA1,Brong Ahafo,BA,SANKORE,Sankore,5.49,0.325,0.053,3.7,14.76
124,1217,-0.748,5.522,DSIZ,-0.684977864,5.606130256,Nyakrom,CR2,Central,CR,NYAKROM,Nyarkrom,5.04,0.285,0.053,2.78,14.76
125,1205,-0.751,5.65,MSSE,-2.949514737,7.052434103,Nkrankwanta,BA3,Central,BA,NKRANKWANTA,Nyarkrom,5.82,0.163,0.053,2.53,6.76
126,1633,-3.073,6.683,MSNW,-3.126562592,6.535882038,Essam,WN9,Western North,WN,ESSAM,Essam,5.11,0.553,0.053,4.26,24.76
127,1168,-2.519,6.982,MSNW,-2.622448196,7.072896329,Goaso,BA4,Brong Ahafo,BA,GOASO,Goaso,5.45,0.541,0.053,3.56,22.76
128,1556,-3.035,6.662,MSNW,-2.89284739,6.617246374,Adjuafoah,WN10,Western North,WN,ADJUAFOAH,Adjofua,5.36,0.353,0.054,7.12,20.76
129,1445,-0.734,5.976,MSSE,-0.862484798,5.930914035,Bawdua,ER3,Eastern,ER,BAWDUA,Bawdua,5.31,0.407,0.054,7.28,22.76
130,1263,-1.567,5.448,ME,-1.383082632,5.540127719,Twifo Praso,CR3,Central,CR,TWIFO PRASO,Twifo Praso,5.45,0.172,0.054,2.64,8.76
131,1340,-0.19,6.365,DSIZ,-0.116434066,6.222062609,Oyoko,ER9,Eastern,ER,OYOKO,Oyoko,6.34,0.119,0.054,9.95,14.76
132,1610,-2.693,6.438,MSSE,-2.637524769,6.302919333,Boako,WN7,Western North,WN,BOAKO,Boako,6.65,0.702,0.054,5.23,22.76
133,1386,-0.457,5.926,DSIZ,-0.470140343,5.910008224,Suhum,ER2,Eastern,ER,SUHUM,Suhum,6.02,0.357,0.054,20.93,24.76
134,1260,-1.383,5.9,ME,-1.388230252,5.776940259,Fosu,CR5,Central,CR,FOSU,Assin Foso,5.18,0.17,0.054,3.54,6.76
135,1294,-0.798,5.406,DSIZ,-0.978686053,5.441262108,Asikuma,CR4,Central,CR,ASIKUMA,Ajumako,5.3,0.365,0.054,4.49,12.76
136,1163,-2.711,7.081,MSNW,-2.622448196,7.072896329,Goaso,BA4,Brong Ahafo,BA,GOASO,Goaso,6.31,0.602,0.054,2.62,22.76
137,1425,-1.095,5.898,ME,-1.089119806,6.00923039,Oda,ER4,Eastern,ER,ODA,Oda,5.22,0.178,0.054,9.9,10.76
138,1131,-3.054,7.049,MSNW,-2.949514737,7.052434103,Nkrankwanta,BA3,Brong Ahafo,BA,NKRANKWANTA,Nkrankwanta,5.69,0.766,0.055,5.71,18.76
139,1165,-2.793,6.938,MSNW,-2.622448196,7.072896329,Goaso,BA4,Brong Ahafo,BA,GOASO,Goaso,5.52,0.84,0.055,4.08,18.76
140,1328,-0.32,6.075,DSIZ,-0.116434066,6.222062609,Oyoko,ER9,Eastern,ER,OYOKO,Oyoko,6.31,0.227,0.055,6.76,30.76
141,1377,-0.435,6.058,DSIZ,-0.470140343,5.910008224,Suhum,ER2,Eastern,ER,SUHUM,Suhum,5.35,0.494,0.055,11.58,16.76
142,1513,0.463,7.433,MSSE,0.3230078,7.477678956,Jasikan,VR2,Volta,VR,JASIKAN,Jasikan,5.03,0.373,0.055,7.36,18.76
143,1200,-2.437,6.84,MSNW,-2.411475117,6.864890163,Dadiesoba,BA2,Brong Ahafo,BA,DADIESOABA,Dadiesoaba,6.53,0.594,0.055,1.56,26.76
144,1382,-0.469,6,DSIZ,-0.470140343,5.910008224,Suhum,ER2,Eastern,ER,SUHUM,Suhum,5.84,0.277,0.055,13.28,16.76
145,1637,-2.85,6.374,ME,-2.908183268,6.419964677,Juaboso,WN8,Western North,WN,JUABOSO,Juaboso,5.48,0.185,0.055,3.21,10.76
146,1721,-1.956,5.255,WE,-2.040812533,5.359265342,Tarkwa,WS6,Western South,WS,TARKWA,Tarkwa,4.32,0.579,0.055,7.99,20.76
147,1255,-1.261,5.805,ME,-1.388230252,5.776940259,Fosu,CR5,Central,CR,FOSU,Assin Foso,6.06,0.259,0.056,2.64,6.76
148,1576,-3.154,6.596,ME,-3.126562592,6.535882038,Essam,WN9,Western North,WN,ESSAM,Essam,5.41,0.369,0.056,4.94,22.76
149,1562,-2.793,6.299,ME,-2.832658207,6.218420317,Bodi,WN5,Western North,WN,BODI,Bodi,4.98,0.401,0.056,6.54,28.76
150,1554,-3.047,6.848,MSNW,-3.057356163,6.838899362,Adaborkrom,WN11,Western North,WN,ADABORKROM,Adabokrom,6.48,0.226,0.056,5.01,16.76
151,1420,-1.036,5.818,ME,-1.089119806,6.00923039,Oda,ER4,Eastern,ER,ODA,Oda,5.97,0.381,0.057,8.87,30.76
152,1736,-1.629,5.198,MSSE,-1.692781412,5.212855041,Daboase,WS3,Western South,WS,DABOASE,Daboase,5.8,0.226,0.057,4.24,12.76
153,1189,-2.367,7.094,MSNW,-2.196283975,7.190690197,Bechem,BA5,Brong Ahafo,BA,BECHEM,Bechem,5.36,0.802,0.057,4.43,26.76
154,1389,-0.555,6.003,MSSE,-0.470140343,5.910008224,Suhum,ER2,Eastern,ER,SUHUM,Suhum,6.21,0.304,0.057,16.61,24.76
155,1130,-3.042,6.986,MSNW,-2.949514737,7.052434103,Nkrankwanta,BA3,Brong Ahafo,BA,NKRANKWANTA,Nkrankwanta,5.54,0.393,0.057,3.76,10.76
156,1619,-2.576,6.097,ME,-2.629587709,6.059271224,Akontombra,WN2,Western North,WN,AKONTOMBRA,Akontombra,5.48,0.231,0.057,2.11,24.76
157,1208,-0.688,5.657,DSIZ,-0.684977864,5.606130256,Nyakrom,CR2,Central,CR,NYAKROM,Nyarkrom,5.88,0.367,0.057,2.81,12.76
158,1088,-1.143,6.495,MSSE,-1.063797271,6.862212338,Juaso,AR8,Ashanti,AR,JUASO,Juaso,5.65,0.293,0.057,3.25,12.76
159,1144,-2.528,7.424,DSIZ,-2.374398011,7.706209574,Berekum,BA7,Brong Ahafo,BA,BEREKUM,Berekum,5.93,0.654,0.057,4.86,22.76
160,1653,-2.949,6.328,ME,-3.035834694,6.206728686,Dadieso,WN4,Western North,WN,DADIESO,Dadieso,6,0.523,0.057,5.37,22.76
161,1009,-2.198,6.856,MSNW,-2.029235028,6.950203272,Tepa,AR9,Ashanti,AR,TEPA,Tepa,6.31,0.573,0.057,10.07,22.76
162,1003,-2.184,6.915,MSNW,-2.029235028,6.950203272,Tepa,AR9,Ashanti,AR,TEPA,Tepa,5.73,0.653,0.057,8.96,28.76
163,1545,0.531,7.894,MSSE,0.325682011,7.944587834,Papase,VR3,Volta,VR,PAPASE,Papase,6.67,0.462,0.057,11.11,16.76
164,1191,-2.324,7.075,MSNW,-2.196283975,7.190690197,Bechem,BA5,Brong Ahafo,BA,BECHEM,Bechem,6.02,0.759,0.058,5.15,40.76
165,1395,-0.66,6.12,MSSE,-0.783779776,6.186186216,Kade,ER5,Eastern,ER,KADE,Kade,5.5,0.289,0.058,13.31,38.76
166,1140,-2.699,7.148,MSNW,-2.715734955,7.578107281,Dormaa Ahenkro,BA6,Brong Ahafo,BA,DORMAA AHENKRO,Dormaa Ahenkro,6.99,0.914,0.058,4.28,18.76
167,1725,-1.896,5.489,WE,-1.798007291,5.43762705,Huni Valley,WS5,Western South,WS,HUNI VALLEY,Huni Valley,4.02,0.421,0.058,8.99,26.76
168,1735,-1.71,5.131,MSSE,-1.692781412,5.212855041,Daboase,WS3,Western South,WS,DABOASE,Daboase,5.47,0.267,0.058,6.67,18.76
169,1558,-3.017,6.571,MSNW,-2.89284739,6.617246374,Adjuafoah,WN10,Western North,WN,ADJUAFOAH,Adjofua,5.93,0.425,0.058,4.96,20.76
170,1040,-1.397,7.141,DSFZ,-1.438686829,7.026720576,Mampong,AR11,Ashanti,AR,MAMPONG,Mampong,5.56,0.36,0.058,6.88,14.76
171,1145,-2.522,7.439,DSIZ,-2.374398011,7.706209574,Berekum,BA7,Brong Ahafo,BA,BEREKUM,Berekum,5.92,0.295,0.058,3.12,24.76
172,1058,-2.01,7.309,DSFZ,-1.801585191,7.180496209,Offinso,AR10,Ashanti,AR,OFFINSO,Offinso,5.83,0.456,0.058,9.82,22.76
173,1213,-0.722,5.543,DSIZ,-0.684977864,5.606130256,Nyakrom,CR2,Central,CR,NYAKROM,Nyarkrom,5.48,0.252,0.058,1.9,12.76
174,1732,-1.661,5.166,MSSE,-1.692781412,5.212855041,Daboase,WS3,Western South,WS,DABOASE,Daboase,5.06,0.22,0.058,6.95,16.76
175,1228,-0.852,5.633,MSSE,-0.684977864,5.606130256,Nyakrom,CR2,Central,CR,NYAKROM,Nyarkrom,6.01,0.328,0.058,1.48,12.76
176,1002,-2.196,6.997,MSNW,-2.029235028,6.950203272,Tepa,AR9,Ashanti,AR,TEPA,Tepa,5.33,0.5,0.058,8.05,22.7
177,1138,-2.703,7.199,MSNW,-2.715734955,7.578107281,Dormaa Ahenkro,BA6,Brong Ahafo,BA,DORMAA AHENKRO,Dormaa Ahenkro,6.14,0.681,0.058,3.87,18.76
178,1660,-2.621,6.139,ME,-2.629587709,6.059271224,Akontombra,WN2,Western North,WN,AKONTOMBRA,Akontombra,5.08,0.469,0.058,3.46,14.76
179,1137,-2.855,7.45,MSNW,-2.715734955,7.578107281,Dormaa Ahenkro,BA6,Brong Ahafo,BA,DORMAA AHENKRO,Dormaa Ahenkro,6.72,1.197,0.058,3.63,32.76
180,1325,-0.358,6.102,DSIZ,-0.116434066,6.222062609,Oyoko,ER9,Eastern,ER,OYOKO,Oyoko,6.17,0.164,0.058,9.29,24.76
181,1159,-2.484,6.425,MSSE,-2.633656006,6.687102282,Sankore,BA1,Brong Ahafo,BA,SANKORE,Sankore,5.88,0.472,0.058,3.26,14.76
182,1355,-0.381,6.192,MSSE,-0.435991616,6.297230947,Tafo,ER8,Eastern,ER,TAFO,Kibi/Tafo,6.45,0.356,0.058,6.65,28.76
183,1149,-2.428,6.661,MSNW,-2.633656006,6.687102282,Sankore,BA1,Brong Ahafo,BA,SANKORE,Sankore,5.54,0.492,0.059,3.39,16.76
184,1404,-0.905,6.146,MSSE,-0.783779776,6.186186216,Kade,ER5,Eastern,ER,KADE,Kade,5.04,0.202,0.059,10.53,30.76
185,1418,-0.643,5.823,DSIZ,-0.742503709,5.820003506,Asamankese,ER1,Eastern,ER,ASAMANKESE,Asamankese,5.7,0.533,0.059,10.89,18.76
186,1044,-1.387,6.962,MSSE,-1.438686829,7.026720576,Mampong,AR11,Ashanti,AR,MAMPONG,Mampong,5.54,0.315,0.059,3.57,8.76
187,1566,-3.105,6.942,MSNW,-3.057356163,6.838899362,Adaborkrom,WN11,Western North,WN,ADABORKROM,Adabokrom,6.9,0.309,0.059,4.96,24.76
188,1293,-0.784,5.482,DSIZ,-0.978686053,5.441262108,Asikuma,CR4,Central,CR,ASIKUMA,Ajumako,5.71,0.243,0.059,21.27,10.76
189,1226,-0.853,5.618,MSSE,-0.684977864,5.606130256,Nyakrom,CR2,Central,CR,NYAKROM,Nyarkrom,5.91,0.193,0.059,1.87,12.76
190,1038,-1.48,6.991,DSIZ,-1.438686829,7.026720576,Mampong,AR11,Ashanti,AR,MAMPONG,Mampong,5.69,0.332,0.06,2.09,16.76
191,1240,-1.375,5.785,ME,-1.388230252,5.776940259,Fosu,CR5,Central,CR,FOSU,Assin Foso,5,0.149,0.06,5.73,6.76
192,1641,-3.151,6.866,MSNW,-3.057356163,6.838899362,Adaborkrom,WN11,Western North,WN,ADABORKROM,Adabokrom,6.34,0.212,0.06,5.15,16.76
193,1011,-2.106,7.015,MSNW,-2.029235028,6.950203272,Tepa,AR9,Ashanti,AR,TEPA,Tepa,6.57,0.765,0.06,7.55,14.76
194,1135,-2.918,7.555,DSIZ,-2.715734955,7.578107281,Dormaa Ahenkro,BA6,Brong Ahafo,BA,DORMAA AHENKRO,Dormaa Ahenkro,5.22,0.397,0.06,2.33,12.76
195,1352,-0.487,6.371,MSSE,-0.435991616,6.297230947,Tafo,ER8,Eastern,ER,TAFO,Kibi/Tafo,4.7,0.381,0.06,10.34,24.76
196,1477,0.451,6.626,MSSE,0.3780277,6.783841947,Hohoe,VR1,Volta,VR,KPEVE/HOHOE,Hohoe,5.56,0.43,0.06,10.24,14.76
197,1244,-1.306,5.694,ME,-1.388230252,5.776940259,Fosu,CR5,Central,CR,FOSU,Assin Foso,4.99,0.217,0.06,2.26,4.76
198,1151,-2.491,6.488,MSSE,-2.633656006,6.687102282,Sankore,BA1,Brong Ahafo,BA,SANKORE,Sankore,5.61,0.427,0.06,3.54,20.76
199,1356,-0.435,6.174,MSSE,-0.435991616,6.297230947,Tafo,ER8,Eastern,ER,TAFO,Kibi/Tafo,6.22,0.176,0.06,8.02,14.76
200,1516,0.421,7.536,MSSE,0.3230078,7.477678956,Jasikan,VR2,Volta,VR,JASIKAN,Jasikan,6.65,0.284,0.06,5.51,22.76
201,1665,-3.216,6.645,MSNW,-3.126562592,6.535882038,Essam,WN9,Western North,WN,ESSAM,Essam,5.07,0.355,0.06,5.23,22.76
202,1577,-3.177,6.604,ME,-3.126562592,6.535882038,Essam,WN9,Western North,WN,ESSAM,Essam,5.97,0.416,0.061,6.12,16.76
203,1209,-0.659,5.64,DSIZ,-0.684977864,5.606130256,Nyakrom,CR2,Central,CR,NYAKROM,Nyarkrom,5.73,0.339,0.061,1.99,8.76
204,1452,-0.797,6.552,MSSE,-0.665088912,6.619832184,Nkwakwa,ER10,Eastern,ER,NKAWKAW,Nkawkaw,5.09,0.236,0.061,11.88,32.76
205,1070,-1.178,6.432,MSSE,-1.226476613,6.390639229,Fumso,AR3,Ashanti,AR,FUMSO,Fumso/Brofoyedru,6.4,1.054,0.061,7.24,24.76
206,1206,-0.716,5.624,DSIZ,-0.684977864,5.606130256,Nyakrom,CR2,Central,CR,NYAKROM,Nyarkrom,5.88,0.306,0.061,3.12,10.76
207,1672,-2.711,6.095,ME,-2.629587709,6.059271224,Akontombra,WN2,Western North,WN,AKONTOMBRA,Akontombra,5.21,0.917,0.061,2.8,20.76
208,1483,0.438,7.044,MSSE,0.3780277,6.783841947,Hohoe,VR1,Volta,VR,KPEVE/HOHOE,Hohoe,4.3,0.265,0.061,5.99,8.76
209,1143,-2.619,7.403,MSNW,-2.374398011,7.706209574,Berekum,BA7,Brong Ahafo,BA,BEREKUM,Berekum,5.97,1.206,0.061,5.33,16.76
210,1292,-0.74,5.482,DSIZ,-0.978686053,5.441262108,Asikuma,CR4,Central,CR,ASIKUMA,Ajumako,5.02,0.139,0.062,20.15,4.76
211,1378,-0.471,5.952,DSIZ,-0.470140343,5.910008224,Suhum,ER2,Eastern,ER,SUHUM,Suhum,5.56,0.219,0.062,14.51,24.76
212,1010,-2.122,7.008,MSNW,-2.029235028,6.950203272,Tepa,AR9,Ashanti,AR,TEPA,Tepa,6.1,0.696,0.062,10.24,26.76
213,1734,-1.719,5.133,MSSE,-1.692781412,5.212855041,Daboase,WS3,Western South,WS,DABOASE,Daboase,5.07,0.121,0.062,8.22,8.76
214,1394,-0.666,6.138,MSSE,-0.783779776,6.186186216,Kade,ER5,Eastern,ER,KADE,Kade,5.37,0.233,0.062,15.96,24.76
215,1574,-2.636,6.129,ME,-2.629587709,6.059271224,Akontombra,WN2,Western North,WN,AKONTOMBRA,Akontombra,5.36,0.962,0.062,2.87,20.76
216,1052,-1.661,6.983,MSSE,-1.801585191,7.180496209,Offinso,AR10,Ashanti,AR,OFFINSO,Offinso,6.18,0.559,0.062,6.13,10.76
217,1048,-1.621,6.925,MSSE,-1.438686829,7.026720576,Mampong,AR11,Ashanti,AR,MAMPONG,Mampong,5.19,0.363,0.062,4.69,20.76
218,1598,-2.904,6.507,MSNW,-2.908183268,6.419964677,Juaboso,WN8,Western North,WN,JUABOSO,Juaboso,5.45,0.335,0.062,3.01,20.76
219,1218,-0.755,5.531,DSIZ,-0.684977864,5.606130256,Nyakrom,CR2,Central,CR,NYAKROM,Nyarkrom,6.7,0.253,0.063,1.98,10.76
220,1451,-0.903,6.618,MSSE,-0.665088912,6.619832184,Nkwakwa,ER10,Eastern,ER,NKAWKAW,Nkawkaw,4.72,0.268,0.063,13.35,32.76
221,1417,-0.625,5.726,DSIZ,-0.742503709,5.820003506,Asamankese,ER1,Eastern,ER,ASAMANKESE,Asamankese,5.75,0.079,0.063,7.59,14.76
222,1581,-2.962,6.179,ME,-2.832658207,6.218420317,Bodi,WN5,Western North,WN,BODI,Bodi,5.5,0.392,0.063,4.78,26.76
223,1211,-0.633,5.614,DSIZ,-0.684977864,5.606130256,Nyakrom,CR2,Central,CR,NYAKROM,Nyarkrom,5.53,0.186,0.063,2.01,8.76
224,1335,-0.332,6.126,DSIZ,-0.116434066,6.222062609,Oyoko,ER9,Eastern,ER,OYOKO,Oyoko,5.96,0.168,0.063,12.17,24.76
225,1731,-1.699,5.481,ME,-1.798007291,5.43762705,Huni Valley,WS5,Western South,WS,HUNI VALLEY,Huni Valley,4.85,0.316,0.063,7.12,14.76
226,1259,-1.422,5.892,ME,-1.388230252,5.776940259,Fosu,CR5,Central,CR,FOSU,Assin Foso,5,0.305,0.063,3.98,6.76
227,1622,-2.932,6.808,MSNW,-3.057356163,6.838899362,Adaborkrom,WN11,Western North,WN,ADABORKROM,Adabokrom,5.82,0.336,0.063,3.94,14.76
228,1595,-2.251,6.239,ME,-2.248519818,6.315543698,Bibiani,WN6,Western North,WN,BIBIANI,Bibiani,3.94,0.329,0.063,8.24,32.76
229,1398,-0.825,6.282,MSSE,-0.783779776,6.186186216,Kade,ER5,Eastern,ER,KADE,Kade,5.09,0.14,0.063,21.07,20.76
230,1502,0.52,7.142,MSSE,0.3780277,6.783841947,Hohoe,VR1,Volta,VR,KPEVE/HOHOE,Hohoe,5.12,0.393,0.063,5.53,18.76
231,1528,0.522,7.855,MSSE,0.325682011,7.944587834,Papase,VR3,Volta,VR,PAPASE,Papase,6.08,0.404,0.064,7.36,22.76
232,1196,-2.411,6.801,MSNW,-2.411475117,6.864890163,Dadiesoba,BA2,Brong Ahafo,BA,DADIESOABA,Dadiesoaba,5.53,0.856,0.064,3.84,20.76
233,1291,-1.032,5.531,MSSE,-0.978686053,5.441262108,Asikuma,CR4,Central,CR,ASIKUMA,Ajumako,6.11,0.104,0.064,3.88,4.76
234,1638,-2.832,6.343,ME,-2.908183268,6.419964677,Juaboso,WN8,Western North,WN,JUABOSO,Juaboso,5.83,0.48,0.064,4.37,26.76
235,1594,-3.016,6.45,ME,-2.89284739,6.617246374,Adjuafoah,WN10,Western North,WN,ADJUAFOAH,Adjofua,5.4,0.334,0.064,4.24,16.76
236,1046,-1.547,7.032,DSIZ,-1.438686829,7.026720576,Mampong,AR11,Ashanti,AR,MAMPONG,Mampong,5.75,0.601,0.064,6.83,16.76
237,1579,-2.928,6.257,ME,-2.832658207,6.218420317,Bodi,WN5,Western North,WN,BODI,Bodi,5.24,0.552,0.064,4.57,30.76
238,1671,-2.756,6.257,ME,-2.832658207,6.218420317,Bodi,WN5,Western North,WN,BODI,Bodi,6.01,0.54,0.064,9.86,32.76
239,1437,-0.886,5.819,MSSE,-0.862484798,5.930914035,Bawdua,ER3,Eastern,ER,BAWDUA,Bawdua,5.57,0.146,0.065,10.16,14.76
240,1596,-2.149,6.293,ME,-2.248519818,6.315543698,Bibiani,WN6,Western North,WN,BIBIANI,Bibiani,4.54,0.251,0.065,5.1,18.76
241,1360,-0.388,6.232,MSSE,-0.435991616,6.297230947,Tafo,ER8,Eastern,ER,TAFO,Kibi/Tafo,5.68,0.183,0.065,6.65,22.76
242,1327,-0.4,6.057,DSIZ,-0.116434066,6.222062609,Oyoko,ER9,Eastern,ER,OYOKO,Oyoko,5.9,0.13,0.065,9.36,16.76
243,1008,-2.115,6.891,MSNW,-2.029235028,6.950203272,Tepa,AR9,Ashanti,AR,TEPA,Tepa,6.43,0.286,0.065,3.52,12.76
244,1261,-1.488,5.509,ME,-1.383082632,5.540127719,Twifo Praso,CR3,Central,CR,TWIFO PRASO,Twifo Praso,4.92,0.254,0.065,4.66,6.76
245,1234,-0.864,5.719,MSSE,-0.684977864,5.606130256,Nyakrom,CR2,Central,CR,NYAKROM,Nyarkrom,4.99,0.254,0.065,2.91,14.76
246,1416,-0.616,5.736,DSIZ,-0.742503709,5.820003506,Asamankese,ER1,Eastern,ER,ASAMANKESE,Asamankese,5.71,0.127,0.065,8.8,14.76
247,1505,0.338,6.72,MSSE,0.3780277,6.783841947,Hohoe,VR1,Volta,VR,KPEVE/HOHOE,Hohoe,5.46,0.231,0.065,5.66,12.76
248,1391,-0.622,6.009,MSSE,-0.470140343,5.910008224,Suhum,ER2,Eastern,ER,SUHUM,Suhum,4.97,0.389,0.065,16.52,32.76
249,1287,-1.058,5.583,MSSE,-0.978686053,5.441262108,Asikuma,CR4,Central,CR,ASIKUMA,Ajumako,5.9,0.193,0.065,3.59,8.76
250,1522,0.348,7.467,MSSE,0.3230078,7.477678956,Jasikan,VR2,Volta,VR,JASIKAN,Jasikan,5.45,0,0.066,8.29,10.76
251,1001,-2.246,6.993,MSNW,-2.029235028,6.950203272,Tepa,AR9,Ashanti,AR,TEPA,Tepa,5.06,0.377,0.066,6.23,18.76
252,1541,0.521,7.717,MSSE,0.325682011,7.944587834,Papase,VR3,Volta,VR,PAPASE,Papase,6.56,0.329,0.066,6.37,18.76
253,1004,-2.168,6.959,MSNW,-2.029235028,6.950203272,Tepa,AR9,Ashanti,AR,TEPA,Tepa,5.44,0.576,0.066,12.06,18.76
254,1524,0.522,7.684,MSSE,0.325682011,7.944587834,Papase,VR3,Volta,VR,PAPASE,Papase,6.83,0.229,0.066,6.44,14.76
255,1550,-3.159,6.519,ME,-3.126562592,6.535882038,Essam,WN9,Western North,WN,ESSAM,Essam,5.28,0.214,0.066,4.01,22.76
256,1399,-0.862,6.222,MSSE,-0.783779776,6.186186216,Kade,ER5,Eastern,ER,KADE,Kade,5.08,0.684,0.066,13.74,40.76
257,1299,-1.034,5.444,MSSE,-0.978686053,5.441262108,Asikuma,CR4,Central,CR,ASIKUMA,Ajumako,6.08,0.195,0.066,4.02,6.76
258,1246,-1.239,5.579,ME,-1.383082632,5.540127719,Twifo Praso,CR3,Central,CR,TWIFO PRASO,Twifo Praso,5.71,0.179,0.066,3.32,6.76
259,1367,-0.589,6.405,MSSE,-0.631530883,6.364693865,Osino,ER6,Eastern,ER,OSINO,Osino,4.62,0.237,0.066,14.74,26.76
260,1575,-3.19,6.588,ME,-3.126562592,6.535882038,Essam,WN9,Western North,WN,ESSAM,Essam,4.89,0.437,0.066,8.92,22.76
261,1643,-3.085,6.156,ME,-3.035834694,6.206728686,Dadieso,WN4,Western North,WN,DADIESO,Dadieso,5.53,0.488,0.067,4,18.76
262,1190,-2.336,7.112,MSNW,-2.196283975,7.190690197,Bechem,BA5,Brong Ahafo,BA,BECHEM,Bechem,5.72,0.515,0.067,3.28,24.76
263,1239,-1.533,5.777,ME,-1.388230252,5.776940259,Fosu,CR5,Central,CR,FOSU,Assin Foso,5.06,0.228,0.067,2.91,12.76
264,1400,-0.815,6.225,MSSE,-0.783779776,6.186186216,Kade,ER5,Eastern,ER,KADE,Kade,5.2,0.193,0.067,17.26,26.76
265,1348,-0.498,6.101,MSSE,-0.435991616,6.297230947,Tafo,ER8,Eastern,ER,TAFO,Kibi/Tafo,6.4,0.294,0.067,12.24,24.76
266,1401,-0.787,6.159,MSSE,-0.783779776,6.186186216,Kade,ER5,Eastern,ER,KADE,Kade,5.52,0.327,0.067,10.53,30.76
267,1032,-1.347,6.816,MSSE,-1.438686829,7.026720576,Mampong,AR11,Ashanti,AR,MAMPONG,Mampong,4.5,0.599,0.067,8.17,20.76
268,1453,-0.824,6.52,MSSE,-0.665088912,6.619832184,Nkwakwa,ER10,Eastern,ER,NKAWKAW,Nkawkaw,5.16,0.419,0.067,10.89,30.76
269,1557,-3.027,6.652,MSNW,-2.89284739,6.617246374,Adjuafoah,WN10,Western North,WN,ADJUAFOAH,Adjofua,5.54,0.335,0.067,4.22,22.76
270,1252,-1.183,5.753,ME,-1.388230252,5.776940259,Fosu,CR5,Central,CR,FOSU,Assin Foso,6.12,0.259,0.067,3.32,6.76
271,1668,-2.912,6.526,MSNW,-2.89284739,6.617246374,Adjuafoah,WN10,Western North,WN,ADJUAFOAH,Adjofua,5.6,0.312,0.067,4.01,18.76
272,1254,-1.195,5.831,ME,-1.388230252,5.776940259,Fosu,CR5,Central,CR,FOSU,Assin Foso,6.09,0.319,0.067,2.5,14.76
273,1430,-1.172,6.185,MSSE,-1.089119806,6.00923039,Oda,ER4,Eastern,ER,ODA,Oda,5.4,0.184,0.067,11.33,26.76
274,1372,-0.667,6.311,MSSE,-0.631530883,6.364693865,Osino,ER6,Eastern,ER,OSINO,Osino,4.88,0.295,0.067,20.11,28.76
275,1644,-3.054,6.132,ME,-3.035834694,6.206728686,Dadieso,WN4,Western North,WN,DADIESO,Dadieso,5.62,0.394,0.067,3.34,26.76
276,1536,0.53,8.091,MSSE,0.325682011,7.944587834,Papase,VR3,Volta,VR,PAPASE,Papase,5.94,0.611,0.067,5.73,26.76
277,1393,-0.697,6.186,MSSE,-0.783779776,6.186186216,Kade,ER5,Eastern,ER,KADE,Kade,3.85,0.208,0.068,17.9,20.76
278,1296,-0.904,5.513,MSSE,-0.978686053,5.441262108,Asikuma,CR4,Central,CR,ASIKUMA,Ajumako,6.26,0.133,0.068,15.7,6.76
279,1086,-1.221,6.579,MSSE,-1.063797271,6.862212338,Juaso,AR8,Ashanti,AR,JUASO,Juaso,5.06,0.795,0.068,6.89,24.76
280,1344,-0.534,6.171,MSSE,-0.435991616,6.297230947,Tafo,ER8,Eastern,ER,TAFO,Kibi/Tafo,5.38,0.334,0.068,12.75,16.76
281,1587,-2.853,6.271,ME,-2.908183268,6.419964677,Juaboso,WN8,Western North,WN,JUABOSO,Juaboso,5.9,0.286,0.068,8.99,20.76
282,1147,-2.266,7.39,DSFZ,-2.374398011,7.706209574,Berekum,BA7,Brong Ahafo,BA,BEREKUM,Berekum,6.98,0.748,0.068,1.78,24.76
283,1472,0.548,6.776,MSSE,0.3780277,6.783841947,Hohoe,VR1,Volta,VR,KPEVE/HOHOE,Hohoe,6.97,0.363,0.068,5.33,10.76
284,1007,-2.099,6.929,MSNW,-2.029235028,6.950203272,Tepa,AR9,Ashanti,AR,TEPA,Tepa,6.38,0.86,0.069,3.42,20.76
285,1303,-0.962,5.406,DSIZ,-0.978686053,5.441262108,Asikuma,CR4,Central,CR,ASIKUMA,Asikuma,5.93,0.191,0.069,3.01,10.76
286,1675,-3.196,6.802,MSNW,-3.126562592,6.535882038,Essam,WN9,Western North,WN,ESSAM,Essam,5.59,0.184,0.069,3.25,22.76
287,1533,0.502,7.931,MSSE,0.325682011,7.944587834,Papase,VR3,Volta,VR,PAPASE,Papase,6.37,0.408,0.069,5.77,16.76
288,1609,-2.717,6.361,ME,-2.637524769,6.302919333,Boako,WN7,Western North,WN,BOAKO,Boako,5.74,0.433,0.069,6.66,28.76
289,1268,-1.254,5.672,ME,-1.383082632,5.540127719,Twifo Praso,CR3,Central,CR,TWIFO PRASO,Twifo Praso,5.83,0.227,0.069,3.42,8.76
290,1266,-1.386,5.693,ME,-1.388230252,5.776940259,Fosu,CR5,Central,CR,FOSU,Assin Foso,5.61,0.077,0.07,1.99,12.76
291,1285,-1.534,5.163,DSIZ,-1.370987564,5.283619732,Jukwa,CR1,Central,CR,JUKWA,Jukwa,4.91,0.224,0.07,5,12.76
292,1608,-2.783,6.449,MSSE,-2.908183268,6.419964677,Juaboso,WN8,Western North,WN,JUABOSO,Juaboso,5.53,0.315,0.07,3.9,22.76
293,1290,-0.994,5.555,MSSE,-0.978686053,5.441262108,Asikuma,CR4,Central,CR,ASIKUMA,Ajumako,5.09,0.136,0.07,17.24,12.76
294,1034,-1.273,6.78,MSSE,-1.438686829,7.026720576,Mampong,AR11,Ashanti,AR,MAMPONG,Mampong,4.81,0.485,0.07,7.34,14.76
295,1436,-0.896,5.845,MSSE,-0.862484798,5.930914035,Bawdua,ER3,Eastern,ER,BAWDUA,Bawdua,5.71,0.169,0.07,8.69,12.76
296,1036,-1.393,6.873,MSSE,-1.438686829,7.026720576,Mampong,AR11,Ashanti,AR,MAMPONG,Mampong,5.31,0.616,0.07,5.85,22.76
297,1141,-2.545,7.492,DSFZ,-2.374398011,7.706209574,Berekum,BA7,Brong Ahafo,BA,BEREKUM,Berekum,5.86,0.5,0.07,4.37,20.76
298,1362,-0.449,6.357,MSSE,-0.631530883,6.364693865,Osino,ER6,Eastern,ER,OSINO,Osino,4.44,0.178,0.07,16.62,20.76
299,1133,-2.783,7.226,MSNW,-2.715734955,7.578107281,Dormaa Ahenkro,BA6,Brong Ahafo,BA,DORMAA AHENKRO,Dormaa Ahenkro,4.61,0.689,0.07,5.91,30.76
300,1068,-1.094,6.472,MSSE,-1.226476613,6.390639229,Fumso,AR3,Ashanti,AR,FUMSO,Fumso/Brofoyedru,5.97,0.492,0.071,3.82,32.76
301,1361,-0.47,6.33,MSSE,-0.631530883,6.364693865,Osino,ER6,Eastern,ER,OSINO,Osino,5.61,0.443,0.071,19.58,24.76
302,1582,-2.893,6.203,ME,-2.832658207,6.218420317,Bodi,WN5,Western North,WN,BODI,Bodi,5.6,0.446,0.071,5.9,26.76
303,1405,-0.706,5.923,MSSE,-0.742503709,5.820003506,Asamankese,ER1,Eastern,ER,ASAMANKESE,Asamankese,4.68,0.3,0.071,9.38,28.76
304,1062,-1.355,6.032,MSSE,-1.397442,6.05230506,New Edubease,AR1,Ashanti,AR,NEW EDUBIASE,New Edubease,5.08,0.557,0.071,6.04,20.76
305,1728,-1.903,5.446,WE,-1.798007291,5.43762705,Huni Valley,WS5,Western South,WS,HUNI VALLEY,Huni Valley,4.73,0.263,0.071,7.9,18.76
306,1027,-1.387,6.726,MSSE,-1.438686829,7.026720576,Mampong,AR11,Ashanti,AR,MAMPONG,Mampong,5.43,0.567,0.071,8.47,26.76
307,1207,-0.672,5.66,DSIZ,-0.684977864,5.606130256,Nyakrom,CR2,Central,CR,NYAKROM,Nyarkrom,5.7,0.348,0.071,2.15,10.76
308,1475,0.461,6.812,MSSE,0.3780277,6.783841947,Hohoe,VR1,Volta,VR,KPEVE/HOHOE,Hohoe,5.9,0.271,0.072,5.29,8.76
309,1547,0.484,7.864,MSSE,0.325682011,7.944587834,Papase,VR3,Volta,VR,PAPASE,Papase,5.93,0.43,0.072,7,30.76
310,1083,-1.182,6.645,MSSE,-1.063797271,6.862212338,Juaso,AR8,Ashanti,AR,JUASO,Juaso,4.77,0.379,0.072,4.84,26.76
311,1396,-0.702,6.135,MSSE,-0.783779776,6.186186216,Kade,ER5,Eastern,ER,KADE,Kade,4.37,0.237,0.072,18.39,40.76
312,1056,-1.75,7.109,DSIZ,-1.801585191,7.180496209,Offinso,AR10,Ashanti,AR,OFFINSO,Offinso,5.84,0.412,0.072,8.76,12.76
313,1647,-2.909,6.86,MSNW,-3.057356163,6.838899362,Adaborkrom,WN11,Western North,WN,ADABORKROM,Adabokrom,5.89,0.299,0.072,4,16.76
314,1370,-0.612,6.261,MSSE,-0.631530883,6.364693865,Osino,ER6,Eastern,ER,OSINO,Osino,4.42,0.168,0.073,19.51,39.76
315,1484,0.452,6.946,MSSE,0.3780277,6.783841947,Hohoe,VR1,Volta,VR,KPEVE/HOHOE,Hohoe,5,0.177,0.073,4.53,12.76
316,1442,-0.807,5.895,MSSE,-0.862484798,5.930914035,Bawdua,ER3,Eastern,ER,BAWDUA,Bawdua,5.23,0.235,0.073,10.86,24.76
317,1025,-2.333,6.63,MSNW,-2.061682354,6.548614447,Nkawie,AR6,Ashanti,AR,NKAWIE,Nkawie,5.5,0.434,0.073,6.58,20.76
318,1435,-1.009,5.818,ME,-0.862484798,5.930914035,Bawdua,ER3,Eastern,ER,BAWDUA,Bawdua,5.7,0.194,0.073,9.94,16.76
319,1174,-2.183,7.43,DSFZ,-1.900377026,7.68534414,Sunyani,BA8,Brong Ahafo,BA,SUNYANI,Sunyani,5.61,0.452,0.073,2.69,28.76
320,1043,-1.294,7.001,DSIZ,-1.438686829,7.026720576,Mampong,AR11,Ashanti,AR,MAMPONG,Mampong,5.05,0.357,0.073,6.33,20.76
321,1363,-0.472,6.339,MSSE,-0.631530883,6.364693865,Osino,ER6,Eastern,ER,OSINO,Osino,5.03,0.265,0.073,18.6,28.76
322,1569,-2.814,6.133,ME,-2.832658207,6.218420317,Bodi,WN5,Western North,WN,BODI,Bodi,5.9,0.181,0.073,5.99,22.76
323,1289,-1.015,5.574,MSSE,-0.978686053,5.441262108,Asikuma,CR4,Central,CR,ASIKUMA,Ajumako,5.91,0.223,0.073,4.71,12.76
324,1415,-0.596,5.769,DSIZ,-0.742503709,5.820003506,Asamankese,ER1,Eastern,ER,ASAMANKESE,Asamankese,6.29,0.305,0.074,10.53,18.76
325,1017,-1.73,6.771,MSSE,-2.061682354,6.548614447,Nkawie,AR6,Ashanti,AR,NKAWIE,Nkawie,5.11,0.513,0.074,9.09,18.76
326,1185,-2.178,7.104,MSNW,-2.196283975,7.190690197,Bechem,BA5,Brong Ahafo,BA,BECHEM,Bechem,5.34,0.564,0.074,5.21,12.76
327,1134,-2.762,7.191,MSNW,-2.715734955,7.578107281,Dormaa Ahenkro,BA6,Brong Ahafo,BA,DORMAA AHENKRO,Dormaa Ahenkro,4.48,0.52,0.074,4.66,22.76
328,1433,-1.151,6.025,MSSE,-1.089119806,6.00923039,Oda,ER4,Eastern,ER,ODA,Oda,5.69,0.155,0.074,11.14,12.76
329,1013,-1.862,6.853,MSNW,-2.110508472,6.762945966,Mankranso,AR7,Ashanti,AR,MANKRANSO,Mankranso,6.5,1.125,0.074,7.02,18.76
330,1744,-1.987,4.83,ME,-2.018323906,4.978874914,Kajebril,WS1,Western South,WS,KAJEBRIL,Kejebril,5.34,0.189,0.074,7,14.76
331,1549,-3.15,6.534,ME,-3.126562592,6.535882038,Essam,WN9,Western North,WN,ESSAM,Essam,4.97,0.154,0.074,3.99,16.76
332,1072,-1.207,6.441,MSSE,-1.226476613,6.390639229,Fumso,AR3,Ashanti,AR,FUMSO,Fumso/Brofoyedru,5.09,0.203,0.074,3.05,18.76
333,1045,-1.489,7.116,DSFZ,-1.438686829,7.026720576,Mampong,AR11,Ashanti,AR,MAMPONG,Mampong,5.61,0.576,0.074,6.1,24.76
334,1262,-1.465,5.519,ME,-1.383082632,5.540127719,Twifo Praso,CR3,Central,CR,TWIFO PRASO,Twifo Praso,6.23,0.209,0.075,2.48,12.76
335,1498,0.598,7.288,MSSE,0.3780277,6.783841947,Hohoe,VR1,Volta,VR,KPEVE/HOHOE,Hohoe,5.55,0.477,0.075,10.36,22.76
336,1523,0.451,7.378,MSSE,0.3230078,7.477678956,Jasikan,VR2,Volta,VR,JASIKAN,Jasikan,6.59,0.368,0.075,6.6,18.76
337,1515,0.443,7.479,MSSE,0.3230078,7.477678956,Jasikan,VR2,Volta,VR,JASIKAN,Jasikan,4.62,0.264,0.075,9.28,22.76
338,1142,-2.535,7.469,DSIZ,-2.374398011,7.706209574,Berekum,BA7,Brong Ahafo,BA,BEREKUM,Berekum,5.54,0.599,0.075,3.95,18.76
339,1073,-1.255,6.359,MSSE,-1.226476613,6.390639229,Fumso,AR3,Ashanti,AR,FUMSO,Fumso/Brofoyedru,5.02,0.421,0.075,4.68,24.76
340,1645,-2.638,5.944,ME,-2.805923039,5.865336091,Enchi,WN1,Western North,WN,ENCHI,Enchi,3.59,0.553,0.076,3.47,54.76
341,1480,0.458,6.911,MSSE,0.3780277,6.783841947,Hohoe,VR1,Volta,VR,KPEVE/HOHOE,Hohoe,5.36,0.521,0.076,9.32,10.76
342,1059,-1.301,6.096,MSSE,-1.397442,6.05230506,New Edubease,AR1,Ashanti,AR,NEW EDUBIASE,New Edubease,5.53,0.345,0.076,6.92,20.76
343,1353,-0.425,6.331,MSSE,-0.435991616,6.297230947,Tafo,ER8,Eastern,ER,TAFO,Kibi/Tafo,5.02,0.187,0.076,9.3,16.76
344,1042,-1.398,7.114,DSFZ,-1.438686829,7.026720576,Mampong,AR11,Ashanti,AR,MAMPONG,Mampong,5.22,0.167,0.077,2.71,12.76
345,1369,-0.584,6.334,MSSE,-0.631530883,6.364693865,Osino,ER6,Eastern,ER,OSINO,Osino,4.34,0.146,0.077,17.25,24.76
346,1422,-1.097,5.804,ME,-1.089119806,6.00923039,Oda,ER4,Eastern,ER,ODA,Oda,5.73,0.505,0.078,5.96,28.76
347,1039,-1.518,6.991,MSSE,-1.438686829,7.026720576,Mampong,AR11,Ashanti,AR,MAMPONG,Mampong,5.84,0.562,0.078,5.54,8.76
348,1257,-1.289,5.813,ME,-1.388230252,5.776940259,Fosu,CR5,Central,CR,FOSU,Assin Foso,7.12,0.247,0.078,2.31,6.76
349,1526,0.526,7.746,MSSE,0.325682011,7.944587834,Papase,VR3,Volta,VR,PAPASE,Papase,5.8,0.624,0.078,7.68,26.76
350,1020,-1.858,6.667,MSSE,-2.061682354,6.548614447,Nkawie,AR6,Ashanti,AR,NKAWIE,Nkawie,5.73,0.722,0.078,9.25,16.76
351,1546,0.534,7.782,MSSE,0.325682011,7.944587834,Papase,VR3,Volta,VR,PAPASE,Papase,7.05,0.633,0.078,9.79,18.76
352,1090,-0.998,6.594,MSSE,-1.063797271,6.862212338,Juaso,AR8,Ashanti,AR,JUASO,Juaso,5.13,0.371,0.078,5.44,20.76
353,1055,-1.734,7.034,MSNW,-1.801585191,7.180496209,Offinso,AR10,Ashanti,AR,OFFINSO,Offinso,6.01,0.433,0.078,8.02,18.76
354,1403,-0.855,6.176,MSSE,-0.783779776,6.186186216,Kade,ER5,Eastern,ER,KADE,Kade,4.13,0.07,0.079,6.69,14.76
355,1336,-0.311,6.191,DSIZ,-0.116434066,6.222062609,Oyoko,ER9,Eastern,ER,OYOKO,Oyoko,5.98,0.103,0.079,6.33,30.76
356,1251,-1.224,5.543,ME,-1.383082632,5.540127719,Twifo Praso,CR3,Central,CR,TWIFO PRASO,Twifo Praso,5.92,0.328,0.079,3.32,10.76
357,1057,-1.952,7.402,DSFZ,-1.801585191,7.180496209,Offinso,AR10,Ashanti,AR,OFFINSO,Offinso,5.8,0.731,0.079,9.31,8.76
358,1426,-1.199,5.925,ME,-1.089119806,6.00923039,Oda,ER4,Eastern,ER,ODA,Oda,4.57,0.189,0.079,11.77,18.76
359,1054,-1.721,7.072,DSIZ,-1.801585191,7.180496209,Offinso,AR10,Ashanti,AR,OFFINSO,Offinso,6.32,0.649,0.079,7.25,24.76
360,1037,-1.39,6.899,MSSE,-1.438686829,7.026720576,Mampong,AR11,Ashanti,AR,MAMPONG,Mampong,5.34,0.453,0.079,4.33,20.76
361,1402,-0.82,6.177,MSSE,-0.783779776,6.186186216,Kade,ER5,Eastern,ER,KADE,Kade,5.84,0.522,0.079,7.71,28.76
362,1428,-0.995,5.952,ME,-1.089119806,6.00923039,Oda,ER4,Eastern,ER,ODA,Oda,4.17,0.328,0.08,10.89,36.76
363,1033,-1.35,6.848,MSSE,-1.438686829,7.026720576,Mampong,AR11,Ashanti,AR,MAMPONG,Mampong,4.89,0.412,0.08,5.22,24.76
364,1107,-1.566,6.282,MSSE,-1.738893997,6.156136297,Obuasi,AR2,Ashanti,AR,OBUASI,Obuasi,4.01,0.516,0.08,9.62,42.76
365,1312,-1.111,5.401,MSSE,-0.978686053,5.441262108,Asikuma,CR4,Central,CR,ASIKUMA,Asikuma,4.36,0.186,0.08,18.44,12.76
366,1591,-2.664,6.389,MSSE,-2.637524769,6.302919333,Boako,WN7,Western North,WN,BOAKO,Boako,4.97,0.477,0.08,3.99,20.76
367,1540,0.515,7.644,MSSE,0.325682011,7.944587834,Papase,VR3,Volta,VR,PAPASE,Papase,6.08,0.458,0.08,7.32,20.76
368,1297,-0.877,5.528,MSSE,-0.978686053,5.441262108,Asikuma,CR4,Central,CR,ASIKUMA,Ajumako,4.99,0.379,0.081,22.1,6.76
369,1717,-1.955,5.43,WE,-2.040812533,5.359265342,Tarkwa,WS6,Western South,WS,TARKWA,Tarkwa,4.94,0.669,0.081,7.23,24.76
370,1357,-0.396,6.145,MSSE,-0.435991616,6.297230947,Tafo,ER8,Eastern,ER,TAFO,Kibi/Tafo,5.65,0.184,0.081,7.05,14.76
371,1458,-0.666,6.48,MSSE,-0.665088912,6.619832184,Nkwakwa,ER10,Eastern,ER,NKAWKAW,Nkawkaw,4.85,0.423,0.081,9.32,18.76
372,1519,0.494,7.536,MSSE,0.3230078,7.477678956,Jasikan,VR2,Volta,VR,JASIKAN,Jasikan,4.52,0.323,0.081,7.23,24.76
373,1310,-1.123,5.393,MSSE,-0.978686053,5.441262108,Asikuma,CR4,Central,CR,ASIKUMA,Asikuma,5.81,0.268,0.081,14.32,8.76
374,1366,-0.563,6.423,MSSE,-0.631530883,6.364693865,Osino,ER6,Eastern,ER,OSINO,Osino,4.4,0.183,0.081,19.76,30.76
375,1392,-0.625,6.209,MSSE,-0.783779776,6.186186216,Kade,ER5,Eastern,ER,KADE,Kade,4.95,0.329,0.081,12.13,26.76
376,1509,0.545,7.292,MSSE,0.3230078,7.477678956,Jasikan,VR2,Volta,VR,JASIKAN,Jasikan,5.67,0.358,0.081,7.01,24.76
377,1460,-0.891,6.6,MSSE,-0.665088912,6.619832184,Nkwakwa,ER10,Eastern,ER,NKAWKAW,Nkawkaw,5.77,0.411,0.081,12.5,22.76
378,1508,0.549,7.305,MSSE,0.3230078,7.477678956,Jasikan,VR2,Volta,VR,JASIKAN,Jasikan,5.02,0.362,0.081,5.89,20.76
379,1737,-1.641,5.171,MSSE,-1.692781412,5.212855041,Daboase,WS3,Western South,WS,DABOASE,Daboase,5.47,0.305,0.082,6.28,24.76
380,1539,0.539,8.225,MSSE,0.325682011,7.944587834,Papase,VR3,Volta,VR,PAPASE,Papase,6.14,0.254,0.082,5.97,10.76
381,1466,-0.963,6.353,MSSE,-0.929436663,6.342136409,New Abirem,ER7,Eastern,ER,NEW ABIREM,New Abirem,5.68,0.247,0.082,14.96,16.76
382,1343,-0.487,6.256,MSSE,-0.435991616,6.297230947,Tafo,ER8,Eastern,ER,TAFO,Kibi/Tafo,5.62,0.328,0.082,13.34,26.76
383,1517,0.443,7.581,MSSE,0.3230078,7.477678956,Jasikan,VR2,Volta,VR,JASIKAN,Jasikan,4.78,0.193,0.082,7.38,10.76
384,1069,-1.118,6.444,MSSE,-1.226476613,6.390639229,Fumso,AR3,Ashanti,AR,FUMSO,Fumso/Brofoyedru,5.65,0.485,0.082,3.57,30.76
385,1521,0.39,7.599,MSSE,0.3230078,7.477678956,Jasikan,VR2,Volta,VR,JASIKAN,Jasikan,4.69,1.459,0.082,7.53,8.76
386,1479,0.474,6.929,MSSE,0.3780277,6.783841947,Hohoe,VR1,Volta,VR,KPEVE/HOHOE,Hohoe,5.42,0.259,0.082,9.68,26.76
387,1500,0.616,7.244,MSSE,0.3780277,6.783841947,Hohoe,VR1,Volta,VR,KPEVE/HOHOE,Hohoe,4.44,0.357,0.082,7.1,24.76
388,1527,0.576,7.724,MSSE,0.325682011,7.944587834,Papase,VR3,Volta,VR,PAPASE,Papase,6.85,0.434,0.083,8.77,14.76
389,1300,-1.007,5.357,DSIZ,-0.978686053,5.441262108,Asikuma,CR4,Central,CR,ASIKUMA,Ajumako,4.96,0.423,0.083,25.89,14.76
390,1507,0.487,7.395,MSSE,0.3230078,7.477678956,Jasikan,VR2,Volta,VR,JASIKAN,Jasikan,4.95,0.17,0.083,5.34,18.76
391,1188,-2.423,7.154,MSNW,-2.196283975,7.190690197,Bechem,BA5,Brong Ahafo,BA,BECHEM,Bechem,5.34,0.561,0.083,2.74,20.76
392,1434,-1.115,5.982,MSSE,-1.089119806,6.00923039,Oda,ER4,Eastern,ER,ODA,Oda,5.35,0.214,0.083,7.85,16.76
393,1273,-1.217,5.453,MSSE,-1.370987564,5.283619732,Jukwa,CR1,Central,CR,JUKWA,Jukwa,6.23,0.218,0.083,12.28,8.76
394,1454,-0.768,6.524,MSSE,-0.665088912,6.619832184,Nkwakwa,ER10,Eastern,ER,NKAWKAW,Nkawkaw,4.69,0.693,0.084,10.41,26.76
395,1497,0.57,7.256,MSSE,0.3780277,6.783841947,Hohoe,VR1,Volta,VR,KPEVE/HOHOE,Hohoe,5.51,0.382,0.084,5.69,12.76
396,1626,-2.723,5.898,ME,-2.805923039,5.865336091,Enchi,WN1,Western North,WN,ENCHI,Enchi,5.62,0.542,0.084,4.44,37.76
397,1729,-1.737,5.471,ME,-1.798007291,5.43762705,Huni Valley,WS5,Western South,WS,HUNI VALLEY,Huni Valley,3.89,0.437,0.084,8.45,40.76
398,1060,-2.05,6.898,MSNW,-1.397442,6.05230506,New Edubease,AR1,Ashanti,AR,NEW EDUBIASE,New Edubease,5.33,0.457,0.084,9.39,34.76
399,1493,0.525,7.223,MSSE,0.3780277,6.783841947,Hohoe,VR1,Volta,VR,KPEVE/HOHOE,Hohoe,4.99,0.307,0.084,4.45,18.76
400,1397,-0.722,6.136,MSSE,-0.783779776,6.186186216,Kade,ER5,Eastern,ER,KADE,Kade,4.16,0.205,0.085,20,32.76
401,1051,-1.766,6.992,MSNW,-1.801585191,7.180496209,Offinso,AR10,Ashanti,AR,OFFINSO,Offinso,5.98,0.632,0.085,7.92,26.76
402,1155,-2.546,6.529,MSSE,-2.633656006,6.687102282,Sankore,BA1,Brong Ahafo,BA,SANKORE,Sankore,5.69,0.256,0.085,2.16,24.76
403,1313,-1.097,5.389,DSIZ,-0.978686053,5.441262108,Asikuma,CR4,Central,CR,ASIKUMA,Asikuma,5.08,0.18,0.085,17.36,8.76
404,1487,0.539,7.018,MSSE,0.3780277,6.783841947,Hohoe,VR1,Volta,VR,KPEVE/HOHOE,Hohoe,6.39,0.226,0.085,6.47,12.76
405,1023,-1.892,6.643,MSSE,-2.061682354,6.548614447,Nkawie,AR6,Ashanti,AR,NKAWIE,Nkawie,5.6,1.13,0.085,11.67,32.76
406,1518,0.437,7.606,MSSE,0.3230078,7.477678956,Jasikan,VR2,Volta,VR,JASIKAN,Jasikan,4.73,0.386,0.085,6.53,14.76
407,1651,-3.001,6.236,ME,-3.035834694,6.206728686,Dadieso,WN4,Western North,WN,DADIESO,Dadieso,5.76,0.797,0.085,5.94,18.76
408,1485,0.49,6.985,MSSE,0.3780277,6.783841947,Hohoe,VR1,Volta,VR,KPEVE/HOHOE,Hohoe,6.39,0.286,0.085,7.12,12.76
409,1673,-2.697,6.043,ME,-2.629587709,6.059271224,Akontombra,WN2,Western North,WN,AKONTOMBRA,Akontombra,5.57,0.71,0.086,2.66,46.76
410,1468,-0.937,6.301,MSSE,-0.929436663,6.342136409,New Abirem,ER7,Eastern,ER,NEW ABIREM,New Abirem,5.41,0.233,0.086,13.84,30.76
411,1478,0.537,6.91,MSSE,0.3780277,6.783841947,Hohoe,VR1,Volta,VR,KPEVE/HOHOE,Hohoe,3.74,0.737,0.086,11.93,10.76
412,1751,-2.368,5.128,WE,-2.357720735,5.092956821,Aiyinase,WS2,Western South,WS,AIYINASE,Aiyinase,5.07,0.498,0.086,12.08,26.76
413,1031,-1.352,6.839,MSSE,-1.438686829,7.026720576,Mampong,AR11,Ashanti,AR,MAMPONG,Mampong,4.05,0.259,0.086,4.64,10.76
414,1258,-1.433,5.867,ME,-1.388230252,5.776940259,Fosu,CR5,Central,CR,FOSU,Assin Foso,5.76,0.41,0.086,4.88,14.76
415,1286,-1.017,5.591,MSSE,-0.978686053,5.441262108,Asikuma,CR4,Central,CR,ASIKUMA,Ajumako,5.52,0.143,0.086,21.45,8.76
416,1455,-0.716,6.494,MSSE,-0.665088912,6.619832184,Nkwakwa,ER10,Eastern,ER,NKAWKAW,Nkawkaw,4.6,0.298,0.086,14.29,28.76
417,1429,-1.051,6.02,MSSE,-1.089119806,6.00923039,Oda,ER4,Eastern,ER,ODA,Oda,4.07,0.277,0.086,11.03,28.76
418,1492,0.489,7.193,MSSE,0.3780277,6.783841947,Hohoe,VR1,Volta,VR,KPEVE/HOHOE,Hohoe,5.44,0.216,0.087,11.15,14.76
419,1067,-1.474,5.941,ME,-1.397442,6.05230506,New Edubease,AR1,Ashanti,AR,NEW EDUBIASE,New Edubease,4.68,0.899,0.087,7.8,16.76
420,1655,-2.696,5.911,ME,-2.805923039,5.865336091,Enchi,WN1,Western North,WN,ENCHI,Enchi,4.45,0.496,0.087,4.01,39.76
421,1283,-1.371,5.263,DSIZ,-1.370987564,5.283619732,Jukwa,CR1,Central,CR,JUKWA,Jukwa,5.46,0.348,0.087,19.56,10.76
422,1457,-0.737,6.443,MSSE,-0.665088912,6.619832184,Nkwakwa,ER10,Eastern,ER,NKAWKAW,Nkawkaw,5.26,0.37,0.087,10.65,30.76
423,1242,-1.353,5.725,ME,-1.388230252,5.776940259,Fosu,CR5,Central,CR,FOSU,Assin Foso,6.38,0.215,0.087,3.42,8.76
424,1538,0.538,8.128,MSSE,0.325682011,7.944587834,Papase,VR3,Volta,VR,PAPASE,Papase,4.95,0.37,0.087,3.11,24.76
425,1119,-1.482,6.472,MSSE,-1.495859247,6.490210004,Bekwai,AR5,Ashanti,AR,BEKWAI,Bekwai,4.86,0.682,0.087,6.32,22.76
426,1049,-1.747,6.871,MSSE,-1.801585191,7.180496209,Offinso,AR10,Ashanti,AR,OFFINSO,Offinso,6.02,0.61,0.087,4.89,14.76
427,1489,0.447,7.112,MSSE,0.3780277,6.783841947,Hohoe,VR1,Volta,VR,KPEVE/HOHOE,Hohoe,6.14,0.181,0.087,5.28,10.76
428,1116,-1.578,6.516,MSSE,-1.495859247,6.490210004,Bekwai,AR5,Ashanti,AR,BEKWAI,Bekwai,5.77,0.898,0.088,4.51,26.76
429,1529,0.515,7.606,MSSE,0.325682011,7.944587834,Papase,VR3,Volta,VR,PAPASE,Papase,6.12,0.296,0.088,6.02,12.76
430,1015,-2.039,7.014,MSNW,-2.110508472,6.762945966,Mankranso,AR7,Ashanti,AR,MANKRANSO,Mankranso,7.43,0.597,0.088,7.41,28.76
431,1514,0.445,7.441,MSSE,0.3230078,7.477678956,Jasikan,VR2,Volta,VR,JASIKAN,Jasikan,4.99,0.146,0.088,5.12,8.76
432,1122,-1.532,6.402,MSSE,-1.495859247,6.490210004,Bekwai,AR5,Ashanti,AR,BEKWAI,Bekwai,4.46,0.586,0.088,5.42,30.76
433,1431,-1.123,6.19,MSSE,-1.089119806,6.00923039,Oda,ER4,Eastern,ER,ODA,Oda,5.21,0.218,0.088,9.9,34.76
434,1512,0.463,7.304,MSSE,0.3230078,7.477678956,Jasikan,VR2,Volta,VR,JASIKAN,Jasikan,5.18,0.313,0.088,7.69,14.76
435,1024,-2.308,6.646,MSNW,-2.061682354,6.548614447,Nkawie,AR6,Ashanti,AR,NKAWIE,Nkawie,5.01,0.616,0.088,10.97,20.76
436,1525,0.504,7.771,MSSE,0.325682011,7.944587834,Papase,VR3,Volta,VR,PAPASE,Papase,6.1,0.618,0.088,8.62,30.76
437,1245,-1.198,5.542,MSSE,-1.383082632,5.540127719,Twifo Praso,CR3,Central,CR,TWIFO PRASO,Twifo Praso,5.48,0.152,0.089,1.7,6.76
438,1501,0.604,7.185,MSSE,0.3780277,6.783841947,Hohoe,VR1,Volta,VR,KPEVE/HOHOE,Hohoe,4.71,0.216,0.089,7.16,14.76
439,1722,-1.932,5.487,WE,-1.798007291,5.43762705,Huni Valley,WS5,Western South,WS,HUNI VALLEY,Huni Valley,4.78,0.301,0.089,6.79,14.76
440,1035,-1.288,6.823,MSSE,-1.438686829,7.026720576,Mampong,AR11,Ashanti,AR,MAMPONG,Mampong,4.75,0.291,0.089,5.3,30.76
441,1465,-0.948,6.331,MSSE,-0.929436663,6.342136409,New Abirem,ER7,Eastern,ER,NEW ABIREM,New Abirem,4.92,0.442,0.089,12.1,26.76
442,1462,-0.96,6.67,MSSE,-0.665088912,6.619832184,Nkwakwa,ER10,Eastern,ER,NKAWKAW,Nkawkaw,4.91,0.405,0.09,10.89,20.76
443,1018,-1.727,6.796,MSSE,-2.061682354,6.548614447,Nkawie,AR6,Ashanti,AR,NKAWIE,Nkawie,6.56,0.697,0.09,6.72,16.76
444,1271,-1.258,5.44,MSSE,-1.370987564,5.283619732,Jukwa,CR1,Central,CR,JUKWA,Jukwa,5.94,0.168,0.09,7.62,6.76
445,1053,-1.716,7.005,MSNW,-1.801585191,7.180496209,Offinso,AR10,Ashanti,AR,OFFINSO,Offinso,4.34,0.185,0.09,4.45,32.76
446,1121,-1.573,6.394,MSSE,-1.495859247,6.490210004,Bekwai,AR5,Ashanti,AR,BEKWAI,Bekwai,4.46,0.432,0.091,6.02,18.76
447,1469,-0.874,6.353,MSSE,-0.929436663,6.342136409,New Abirem,ER7,Eastern,ER,NEW ABIREM,New Abirem,4.33,0.169,0.091,12.02,34.76
448,1467,-0.925,6.327,MSSE,-0.929436663,6.342136409,New Abirem,ER7,Eastern,ER,NEW ABIREM,New Abirem,4.1,0.179,0.091,8.69,12.76
449,1580,-2.94,6.208,ME,-2.832658207,6.218420317,Bodi,WN5,Western North,WN,BODI,Bodi,5.32,0.32,0.091,4.01,18.76
450,1568,-2.81,6.123,ME,-2.832658207,6.218420317,Bodi,WN5,Western North,WN,BODI,Bodi,5.73,0.57,0.091,5.78,24.76
451,1572,-2.88,6.038,ME,-2.629587709,6.059271224,Akontombra,WN2,Western North,WN,AKONTOMBRA,Akontombra,3.82,2.586,0.092,3.15,22.76
452,1288,-1.04,5.583,MSSE,-0.978686053,5.441262108,Asikuma,CR4,Central,CR,ASIKUMA,Ajumako,5.6,0.143,0.092,18.96,12.76
453,1530,0.552,7.635,MSSE,0.325682011,7.944587834,Papase,VR3,Volta,VR,PAPASE,Papase,6.74,0.475,0.092,3.58,12.76
454,1326,-0.409,6.073,DSIZ,-0.116434066,6.222062609,Oyoko,ER9,Eastern,ER,OYOKO,Oyoko,6.3,0.309,0.092,11.28,26.76
455,1448,-0.797,6.027,MSSE,-0.862484798,5.930914035,Bawdua,ER3,Eastern,ER,BAWDUA,Bawdua,5.98,0.596,0.092,8.77,24.76
456,1026,-1.288,6.63,MSSE,-1.438686829,7.026720576,Mampong,AR11,Ashanti,AR,MAMPONG,Mampong,5.65,0.89,0.092,6.44,42.76
457,1459,-0.832,6.59,MSSE,-0.665088912,6.619832184,Nkwakwa,ER10,Eastern,ER,NKAWKAW,Nkawkaw,4.54,0.405,0.092,13.24,28.76
458,1021,-1.868,6.673,MSSE,-2.061682354,6.548614447,Nkawie,AR6,Ashanti,AR,NKAWIE,Nkawie,5.76,0.981,0.092,8.52,24.76
459,1029,-1.335,6.744,MSSE,-1.438686829,7.026720576,Mampong,AR11,Ashanti,AR,MAMPONG,Mampong,5.67,0.723,0.093,7.58,22.76
460,1494,0.527,7.247,MSSE,0.3780277,6.783841947,Hohoe,VR1,Volta,VR,KPEVE/HOHOE,Hohoe,4.49,0.338,0.093,10.34,26.76
461,1256,-1.295,5.782,ME,-1.388230252,5.776940259,Fosu,CR5,Central,CR,FOSU,Assin Foso,4.87,0.216,0.093,2.86,12.76
462,1535,0.552,8.078,MSSE,0.325682011,7.944587834,Papase,VR3,Volta,VR,PAPASE,Papase,6.85,0.429,0.093,8.23,16.76
463,1265,-1.397,5.624,ME,-1.383082632,5.540127719,Twifo Praso,CR3,Central,CR,TWIFO PRASO,Twifo Praso,6.09,0.16,0.093,2.6,4.76
464,1661,-2.603,6.137,ME,-2.629587709,6.059271224,Akontombra,WN2,Western North,WN,AKONTOMBRA,Akontombra,5.26,0.392,0.093,3.11,50.76
465,1094,-1.765,6.361,ME,-1.868067421,6.424132108,Antoakrom,AR4,Ashanti,AR,ANTOAKROM,Antoakrom,5.89,0.449,0.093,8.75,30.76
466,1570,-3.179,6.384,ME,-3.126562592,6.535882038,Essam,WN9,Western North,WN,ESSAM,Essam,4.82,0.244,0.093,5.02,24.76
467,1374,-0.688,6.443,MSSE,-0.631530883,6.364693865,Osino,ER6,Eastern,ER,OSINO,Osino,3.99,0.196,0.093,20.93,26.76
468,1198,-2.466,6.815,MSNW,-2.411475117,6.864890163,Dadiesoba,BA2,Brong Ahafo,BA,DADIESOABA,Dadiesoaba,6.24,0.575,0.093,1.98,28.76
469,1449,-0.843,5.98,MSSE,-0.862484798,5.930914035,Bawdua,ER3,Eastern,ER,BAWDUA,Bawdua,4.51,0.25,0.094,10.59,22.76
470,1548,0.557,7.757,MSSE,0.325682011,7.944587834,Papase,VR3,Volta,VR,PAPASE,Papase,5.78,0.586,0.094,7.22,26.76
471,1683,-2.081,5.811,ME,-2.001717134,5.776301476,Wassa Akr.,WS9,Western South,WS,WASSA AKROPONG,Wasa akropong,5.96,0.578,0.094,10.25,24.76
472,1510,0.52,7.274,MSSE,0.3230078,7.477678956,Jasikan,VR2,Volta,VR,JASIKAN,Jasikan,5.02,0.405,0.094,6.54,24.76
473,1726,-1.88,5.493,WE,-1.798007291,5.43762705,Huni Valley,WS5,Western South,WS,HUNI VALLEY,Huni Valley,4.53,0.309,0.094,9.01,28.76
474,1103,-1.904,6.354,ME,-1.868067421,6.424132108,Antoakrom,AR4,Ashanti,AR,ANTOAKROM,Antoakrom,4.4,0.303,0.095,5.85,22.76
475,1534,0.539,8.177,MSSE,0.325682011,7.944587834,Papase,VR3,Volta,VR,PAPASE,Papase,6,0.276,0.095,5.22,18.76
476,1543,0.513,7.816,MSSE,0.325682011,7.944587834,Papase,VR3,Volta,VR,PAPASE,Papase,6.18,0.544,0.095,7.99,22.76
477,1499,0.616,7.276,MSSE,0.3780277,6.783841947,Hohoe,VR1,Volta,VR,KPEVE/HOHOE,Hohoe,5.56,0.643,0.095,14.89,16.76
478,1298,-0.914,5.478,DSIZ,-0.978686053,5.441262108,Asikuma,CR4,Central,CR,ASIKUMA,Ajumako,5.4,0.166,0.095,3.88,8.76
479,1544,0.526,7.817,MSSE,0.325682011,7.944587834,Papase,VR3,Volta,VR,PAPASE,Papase,6.02,0.534,0.095,8.43,22.76
480,1649,-2.976,6.311,ME,-3.035834694,6.206728686,Dadieso,WN4,Western North,WN,DADIESO,Dadieso,5,0.302,0.095,5,28.76
481,1571,-3.167,6.412,ME,-3.126562592,6.535882038,Essam,WN9,Western North,WN,ESSAM,Essam,4.99,0.42,0.095,4.95,16.76
482,1531,0.444,8.256,MSSE,0.325682011,7.944587834,Papase,VR3,Volta,VR,PAPASE,Papase,6.08,0.274,0.096,6.79,16.76
483,1593,-3.021,6.462,ME,-2.89284739,6.617246374,Adjuafoah,WN10,Western North,WN,ADJUAFOAH,Adjofua,5,0.218,0.096,3.33,12.76
484,1441,-0.873,5.969,MSSE,-0.862484798,5.930914035,Bawdua,ER3,Eastern,ER,BAWDUA,Bawdua,4.92,0.177,0.096,12.68,26.76
485,1248,-1.246,5.643,ME,-1.383082632,5.540127719,Twifo Praso,CR3,Central,CR,TWIFO PRASO,Twifo Praso,5.36,0.184,0.096,3.18,14.76
486,1064,-1.514,6.099,ME,-1.397442,6.05230506,New Edubease,AR1,Ashanti,AR,NEW EDUBIASE,New Edubease,3.51,0.814,0.096,10.32,18.76
487,1113,-1.742,6.093,ME,-1.738893997,6.156136297,Obuasi,AR2,Ashanti,AR,OBUASI,Obuasi,4.67,0.457,0.096,6.47,24.76
488,1115,-1.524,6.51,MSSE,-1.495859247,6.490210004,Bekwai,AR5,Ashanti,AR,BEKWAI,Bekwai,4.4,0.423,0.097,6.27,24.76
489,1016,-1.985,7.054,MSNW,-2.110508472,6.762945966,Mankranso,AR7,Ashanti,AR,MANKRANSO,Mankranso,5.88,0.681,0.097,8.76,24.76
490,1187,-2.391,7.179,MSNW,-2.196283975,7.190690197,Bechem,BA5,Brong Ahafo,BA,BECHEM,Bechem,6.38,0.548,0.097,1.56,14.76
491,1241,-1.333,5.757,ME,-1.388230252,5.776940259,Fosu,CR5,Central,CR,FOSU,Assin Foso,4.81,0.21,0.097,6.38,8.76
492,1444,-0.794,5.943,MSSE,-0.862484798,5.930914035,Bawdua,ER3,Eastern,ER,BAWDUA,Bawdua,5.8,0.203,0.097,11.15,30.76
493,1063,-1.384,6.03,MSSE,-1.397442,6.05230506,New Edubease,AR1,Ashanti,AR,NEW EDUBIASE,New Edubease,3.92,0.392,0.098,7.11,20.76
494,1635,-2.285,6.169,ME,-2.322693462,6.108019927,Sefwi Bekwai,WN3,Western North,WN,SEFWI BEKWAI,Sefwi Bekwai,5.08,1.158,0.098,7.95,14.76
495,1739,-1.907,5.005,ME,-2.018323906,4.978874914,Kajebril,WS1,Western South,WS,KAJEBRIL,Kejebril,4.36,0.416,0.098,8.78,24.76
496,1520,0.389,7.534,MSSE,0.3230078,7.477678956,Jasikan,VR2,Volta,VR,JASIKAN,Jasikan,4.95,0.309,0.098,7.43,18.76
497,1301,-1.025,5.348,DSIZ,-0.978686053,5.441262108,Asikuma,CR4,Central,CR,ASIKUMA,Ajumako,5.07,0.229,0.098,3.03,20.76
498,1423,-1.136,5.84,ME,-1.089119806,6.00923039,Oda,ER4,Eastern,ER,ODA,Oda,4.52,0.176,0.098,11.14,22.76
499,1432,-1.049,6.127,MSSE,-1.089119806,6.00923039,Oda,ER4,Eastern,ER,ODA,Oda,5.06,0.194,0.098,10.67,26.76
500,1066,-1.501,5.931,ME,-1.397442,6.05230506,New Edubease,AR1,Ashanti,AR,NEW EDUBIASE,New Edubease,4.42,0.444,0.098,5.87,24.76
501,1005,-2.174,6.878,MSNW,-2.029235028,6.950203272,Tepa,AR9,Ashanti,AR,TEPA,Tepa,5.44,0.463,0.099,6.32,18.76
502,1075,-1.459,6.126,MSSE,-1.226476613,6.390639229,Fumso,AR3,Ashanti,AR,FUMSO,Fumso/Brofoyedru,5.42,0.785,0.099,7.24,24.76
503,1104,-1.58,6.194,ME,-1.738893997,6.156136297,Obuasi,AR2,Ashanti,AR,OBUASI,Obuasi,4.55,0.478,0.099,8.81,32.76
504,1106,-1.583,6.296,MSSE,-1.738893997,6.156136297,Obuasi,AR2,Ashanti,AR,OBUASI,Obuasi,4.96,0.761,0.099,8.38,20.76
505,1319,-1.729,5.877,ME,-1.705505311,5.812223868,Dunkwa,CR6,Central,CR,DUNKWA,Dunkwa,4.54,0.247,0.099,9.99,38.76
506,1311,-1.115,5.359,DSIZ,-0.978686053,5.441262108,Asikuma,CR4,Central,CR,ASIKUMA,Asikuma,5.32,0.221,0.099,16.86,6.76
507,1089,-1.031,6.612,MSSE,-1.063797271,6.862212338,Juaso,AR8,Ashanti,AR,JUASO,Juaso,5.47,0.44,0.099,6.29,16.76
508,1028,-1.422,6.765,MSSE,-1.438686829,7.026720576,Mampong,AR11,Ashanti,AR,MAMPONG,Mampong,4.63,0.669,0.1,10.41,14.76
509,1496,0.526,7.276,MSSE,0.3780277,6.783841947,Hohoe,VR1,Volta,VR,KPEVE/HOHOE,Hohoe,4.92,0.357,0.1,8.51,16.76
510,1715,-1.995,5.493,WE,-2.040812533,5.359265342,Tarkwa,WS6,Western South,WS,TARKWA,Tarkwa,4.19,0,0.101,9.99,30.76
511,1443,-0.836,5.971,MSSE,-0.862484798,5.930914035,Bawdua,ER3,Eastern,ER,BAWDUA,Bawdua,4.9,0.3,0.101,9.9,24.76
512,1727,-1.92,5.421,WE,-1.798007291,5.43762705,Huni Valley,WS5,Western South,WS,HUNI VALLEY,Huni Valley,4.61,0.344,0.102,7.67,16.76
513,1646,-2.63,5.944,ME,-2.805923039,5.865336091,Enchi,WN1,Western North,WN,ENCHI,Enchi,5.64,0.265,0.102,2.88,22.76
514,1247,-1.196,5.651,ME,-1.383082632,5.540127719,Twifo Praso,CR3,Central,CR,TWIFO PRASO,Twifo Praso,5.72,0.147,0.102,2.09,10.76
515,1503,0.353,6.75,MSSE,0.3780277,6.783841947,Hohoe,VR1,Volta,VR,KPEVE/HOHOE,Hohoe,5.67,0.151,0.102,8.49,12.76
516,1421,-1.046,5.81,ME,-1.089119806,6.00923039,Oda,ER4,Eastern,ER,ODA,Oda,5.54,0.288,0.102,6.94,30.76
517,1368,-0.543,6.399,MSSE,-0.631530883,6.364693865,Osino,ER6,Eastern,ER,OSINO,Osino,4.32,0.197,0.103,14.72,34.76
518,1542,0.505,7.786,MSSE,0.325682011,7.944587834,Papase,VR3,Volta,VR,PAPASE,Papase,5.9,0.503,0.103,7.06,22.76
519,1012,-1.886,6.989,MSNW,-2.110508472,6.762945966,Mankranso,AR7,Ashanti,AR,MANKRANSO,Mankranso,5.61,0.807,0.103,11.65,20.76
520,1098,-1.861,6.461,ME,-1.868067421,6.424132108,Antoakrom,AR4,Ashanti,AR,ANTOAKROM,Antoakrom,5.51,0.387,0.103,6.59,28.76
521,1318,-1.759,5.859,ME,-1.705505311,5.812223868,Dunkwa,CR6,Central,CR,DUNKWA,Dunkwa,5.7,0.161,0.103,10.23,20.76
522,1278,-1.552,5.336,ME,-1.370987564,5.283619732,Jukwa,CR1,Central,CR,JUKWA,Jukwa,4.69,0.285,0.103,30.06,10.76
523,1656,-2.765,5.999,ME,-2.629587709,6.059271224,Akontombra,WN2,Western North,WN,AKONTOMBRA,Akontombra,5,1.64,0.103,2,46.76
524,1488,0.47,7.019,MSSE,0.3780277,6.783841947,Hohoe,VR1,Volta,VR,KPEVE/HOHOE,Hohoe,4.83,0.148,0.104,4.01,16.76
525,1373,-0.683,6.416,MSSE,-0.631530883,6.364693865,Osino,ER6,Eastern,ER,OSINO,Osino,3.88,0.276,0.104,22.45,34.76
526,1108,-1.662,6.161,ME,-1.738893997,6.156136297,Obuasi,AR2,Ashanti,AR,OBUASI,Obuasi,5.05,0.968,0.104,4.95,36.76
527,1463,-0.934,6.572,MSSE,-0.665088912,6.619832184,Nkwakwa,ER10,Eastern,ER,NKAWKAW,Nkawkaw,5.36,0.369,0.104,12.12,24.76
528,1364,-0.493,6.33,MSSE,-0.631530883,6.364693865,Osino,ER6,Eastern,ER,OSINO,Osino,4.18,0.217,0.105,13.31,32.76
529,1481,0.493,6.947,MSSE,0.3780277,6.783841947,Hohoe,VR1,Volta,VR,KPEVE/HOHOE,Hohoe,4.65,0.207,0.105,4.53,12.76
530,1652,-3.015,6.196,ME,-3.035834694,6.206728686,Dadieso,WN4,Western North,WN,DADIESO,Dadieso,5.88,0.195,0.105,7.03,14.76
531,1495,0.521,7.26,MSSE,0.3780277,6.783841947,Hohoe,VR1,Volta,VR,KPEVE/HOHOE,Hohoe,5.56,0.237,0.105,13.08,14.76
532,1578,-2.899,6.297,ME,-2.832658207,6.218420317,Bodi,WN5,Western North,WN,BODI,Bodi,5.06,0.619,0.106,5,34.76
533,1631,-2.814,5.995,ME,-2.629587709,6.059271224,Akontombra,WN2,Western North,WN,AKONTOMBRA,Akontombra,4.65,0.207,0.106,1.42,24.76
534,1745,-1.812,5.021,ME,-2.018323906,4.978874914,Kajebril,WS1,Western South,WS,KAJEBRIL,Kejebril,4.16,0.256,0.106,11.12,22.76
535,1276,-1.502,5.368,ME,-1.383082632,5.540127719,Twifo Praso,CR3,Central,CR,TWIFO PRASO,Twifo Praso,5.34,0.171,0.106,29.63,6.76
536,1243,-1.319,5.713,ME,-1.388230252,5.776940259,Fosu,CR5,Central,CR,FOSU,Assin Foso,5.91,0.258,0.106,3.96,2.76
537,1111,-1.796,6.244,ME,-1.738893997,6.156136297,Obuasi,AR2,Ashanti,AR,OBUASI,Obuasi,5.64,1.023,0.107,5.01,28.76
538,1743,-2.007,4.834,ME,-2.018323906,4.978874914,Kajebril,WS1,Western South,WS,KAJEBRIL,Kejebril,4.73,0.599,0.107,7.02,28.76
539,1730,-1.716,5.457,ME,-1.798007291,5.43762705,Huni Valley,WS5,Western South,WS,HUNI VALLEY,Huni Valley,4.25,0.212,0.107,8.03,20.76
540,1237,-2.09,6.214,ME,-2.051411064,6.085169709,Diaso,CR7,Central,CR,DIASO,Diaso,4.6,0.593,0.107,8.77,32.76
541,1750,-2.337,5.096,WE,-2.357720735,5.092956821,Aiyinase,WS2,Western South,WS,AIYINASE,Aiyinase,5.22,0.396,0.107,11.24,22.76
542,1118,-1.578,6.567,MSSE,-1.495859247,6.490210004,Bekwai,AR5,Ashanti,AR,BEKWAI,Bekwai,4.44,0.473,0.107,6.84,28.76
543,1456,-0.748,6.433,MSSE,-0.665088912,6.619832184,Nkwakwa,ER10,Eastern,ER,NKAWKAW,Nkawkaw,4.67,0.427,0.107,9.92,22.76
544,1050,-1.75,6.939,MSSE,-1.801585191,7.180496209,Offinso,AR10,Ashanti,AR,OFFINSO,Offinso,6.05,0.877,0.108,6.48,16.76
545,1282,-1.399,5.319,MSSE,-1.370987564,5.283619732,Jukwa,CR1,Central,CR,JUKWA,Jukwa,5.02,0.253,0.108,35.79,10.76
546,1704,-2.568,5.553,WE,-2.37552058,5.47393191,Samreboi,WS8,Western South,WS,SAMREBOI,Samreboi,5.02,0.412,0.108,11.22,22.76
547,1476,0.525,6.886,MSSE,0.3780277,6.783841947,Hohoe,VR1,Volta,VR,KPEVE/HOHOE,Hohoe,5.48,0.3,0.108,9.23,14.76
548,1267,-1.319,5.663,ME,-1.383082632,5.540127719,Twifo Praso,CR3,Central,CR,TWIFO PRASO,Twifo Praso,6.55,0.16,0.108,4.03,6.76
549,1658,-2.759,5.856,ME,-2.805923039,5.865336091,Enchi,WN1,Western North,WN,ENCHI,Enchi,4.37,0.624,0.108,3.99,46.76
550,1080,-1.399,7.057,DSFZ,-1.063797271,6.862212338,Juaso,AR8,Ashanti,AR,JUASO,Juaso,3.82,0.361,0.109,8.01,24.76
551,1349,-0.471,6.461,MSSE,-0.435991616,6.297230947,Tafo,ER8,Eastern,ER,TAFO,Kibi/Tafo,4.27,0.361,0.109,11.14,16.76
552,1551,-3.145,6.573,ME,-3.126562592,6.535882038,Essam,WN9,Western North,WN,ESSAM,Essam,6.54,0.131,0.109,5.12,12.76
553,1588,-2.843,6.27,ME,-2.908183268,6.419964677,Juaboso,WN8,Western North,WN,JUABOSO,Juaboso,5.96,0.322,0.109,6.97,30.76
554,1603,-2.917,6.246,ME,-2.832658207,6.218420317,Bodi,WN5,Western North,WN,BODI,Bodi,5.33,0.499,0.109,7.55,20.76
555,1095,-1.806,6.452,MSSE,-1.868067421,6.424132108,Antoakrom,AR4,Ashanti,AR,ANTOAKROM,Antoakrom,5.18,0.576,0.109,7.77,28.76
556,1620,-2.617,5.939,ME,-2.805923039,5.865336091,Enchi,WN1,Western North,WN,ENCHI,Enchi,4.27,0.666,0.11,5.21,52.76
557,1092,-1.762,6.438,MSSE,-1.868067421,6.424132108,Antoakrom,AR4,Ashanti,AR,ANTOAKROM,Antoakrom,5.45,0.234,0.11,5.81,26.76
558,1323,-1.818,5.924,ME,-1.705505311,5.812223868,Dunkwa,CR6,Central,CR,DUNKWA,Dunkwa,4.13,0.479,0.11,9.23,42.76
559,1082,-1.144,6.773,MSSE,-1.063797271,6.862212338,Juaso,AR8,Ashanti,AR,JUASO,Juaso,4.69,0.475,0.11,5.56,12.76
560,1482,0.513,6.971,MSSE,0.3780277,6.783841947,Hohoe,VR1,Volta,VR,KPEVE/HOHOE,Hohoe,4.68,0.305,0.11,5.53,18.76
561,1438,-0.953,5.788,MSSE,-0.862484798,5.930914035,Bawdua,ER3,Eastern,ER,BAWDUA,Bawdua,5.4,0.201,0.11,12.28,18.76
562,1746,-1.84,5.079,ME,-2.018323906,4.978874914,Kajebril,WS1,Western South,WS,KAJEBRIL,Kejebril,4.81,0.23,0.11,12,16.76
563,1324,-1.803,5.98,ME,-1.705505311,5.812223868,Dunkwa,CR6,Central,CR,DUNKWA,Dunkwa,4.91,0.556,0.111,10.89,32.76
564,1561,-2.686,5.662,WE,-2.681439144,5.59802869,Boinso,WS7,Western North,WS,BOINSO,Boinso,4.43,0.215,0.111,4.02,20.76
565,1112,-1.762,6.155,ME,-1.738893997,6.156136297,Obuasi,AR2,Ashanti,AR,OBUASI,Obuasi,4.5,0.714,0.111,6.43,38.76
566,1723,-1.829,5.538,ME,-1.798007291,5.43762705,Huni Valley,WS5,Western South,WS,HUNI VALLEY,Huni Valley,4.2,0.177,0.111,7.01,20.76
567,1110,-1.742,6.206,ME,-1.738893997,6.156136297,Obuasi,AR2,Ashanti,AR,OBUASI,Obuasi,4.59,0.773,0.112,6.87,28.76
568,1100,-1.949,6.443,ME,-1.868067421,6.424132108,Antoakrom,AR4,Ashanti,AR,ANTOAKROM,Antoakrom,5.75,0.723,0.112,6.64,24.76
569,1440,-0.922,5.922,MSSE,-0.862484798,5.930914035,Bawdua,ER3,Eastern,ER,BAWDUA,Bawdua,4.93,0.125,0.112,13.23,14.76
570,1345,-0.594,6.165,MSSE,-0.435991616,6.297230947,Tafo,ER8,Eastern,ER,TAFO,Kibi/Tafo,4.11,0.299,0.113,12.03,48.76
571,1120,-1.459,6.471,MSSE,-1.495859247,6.490210004,Bekwai,AR5,Ashanti,AR,BEKWAI,Bekwai,4.22,0.53,0.113,5.25,24.7
572,1371,-0.692,6.285,MSSE,-0.631530883,6.364693865,Osino,ER6,Eastern,ER,OSINO,Osino,4.04,0.107,0.113,17.68,20.76
573,1752,-2.369,5.132,WE,-2.357720735,5.092956821,Aiyinase,WS2,Western South,WS,AIYINASE,Aiyinase,4.86,0.483,0.113,11.21,22.76
574,1560,-2.657,5.679,WE,-2.681439144,5.59802869,Boinso,WS7,Western North,WS,BOINSO,Boinso,4.25,0.323,0.113,4.97,32.76
575,1664,-2.548,5.413,WE,-2.681439144,5.59802869,Boinso,WS7,Western North,WS,BOINSO,Boinso,4.65,0.394,0.113,8,32.76
576,1232,-0.852,5.706,MSSE,-0.684977864,5.606130256,Nyakrom,CR2,Central,CR,NYAKROM,Nyarkrom,5.44,0.227,0.113,2.1,12.76
577,1284,-1.515,5.212,DSIZ,-1.370987564,5.283619732,Jukwa,CR1,Central,CR,JUKWA,Jukwa,6.08,0.249,0.113,20.1,10.76
578,1694,-2.415,5.704,WE,-2.338601434,5.786313686,Asankragwa,WS10,Western South,WS,ASANKRAGWA,Asankragua,4.22,0.303,0.113,10.23,14.76
579,1657,-2.738,6.012,ME,-2.629587709,6.059271224,Akontombra,WN2,Western North,WN,AKONTOMBRA,Akontombra,5.3,1.003,0.114,2.21,28.76
580,1427,-1.242,5.929,ME,-1.089119806,6.00923039,Oda,ER4,Eastern,ER,ODA,Oda,6.24,0.256,0.114,12.68,16.76
581,1679,-1.926,5.864,ME,-2.001717134,5.776301476,Wassa Akr.,WS9,Western South,WS,WASSA AKROPONG,Wasa akropong,4.68,0.29,0.114,10.24,24.76
582,1280,-1.393,5.407,MSSE,-1.370987564,5.283619732,Jukwa,CR1,Central,CR,JUKWA,Jukwa,4.89,0.307,0.114,34.07,12.76
583,1093,-1.748,6.391,MSSE,-1.868067421,6.424132108,Antoakrom,AR4,Ashanti,AR,ANTOAKROM,Antoakrom,5.79,0.359,0.114,5.76,30.76
584,1279,-1.584,5.306,ME,-1.370987564,5.283619732,Jukwa,CR1,Central,CR,JUKWA,Jukwa,6.11,0.179,0.115,29.65,14.76
585,1096,-1.785,6.472,MSSE,-1.868067421,6.424132108,Antoakrom,AR4,Ashanti,AR,ANTOAKROM,Antoakrom,4.84,0.449,0.115,8.57,34.76
586,1275,-1.478,5.384,ME,-1.383082632,5.540127719,Twifo Praso,CR3,Central,CR,TWIFO PRASO,Twifo Praso,4.98,0.141,0.115,23.37,12.76
587,1078,-1.456,7.062,DSFZ,-1.063797271,6.862212338,Juaso,AR8,Ashanti,AR,JUASO,Juaso,4.99,0.546,0.115,5.19,32.76
588,1047,-1.57,6.986,MSSE,-1.438686829,7.026720576,Mampong,AR11,Ashanti,AR,MAMPONG,Mampong,4.61,0.464,0.115,5.34,26.76
589,1333,-0.127,5.992,DSIZ,-0.116434066,6.222062609,Oyoko,ER9,Eastern,ER,OYOKO,Oyoko,5.14,0.189,0.115,7.75,20.76
590,1019,-1.758,6.645,MSSE,-2.061682354,6.548614447,Nkawie,AR6,Ashanti,AR,NKAWIE,Nkawie,6.52,0.517,0.115,4.23,26.76
591,1281,-1.364,5.336,MSSE,-1.370987564,5.283619732,Jukwa,CR1,Central,CR,JUKWA,Jukwa,6.44,0.208,0.115,37.37,10.76
592,1102,-2.017,6.387,ME,-1.868067421,6.424132108,Antoakrom,AR4,Ashanti,AR,ANTOAKROM,Antoakrom,4.19,0.61,0.116,7.17,24.76
593,1308,-1.002,5.618,MSSE,-0.978686053,5.441262108,Asikuma,CR4,Central,CR,ASIKUMA,Asikuma,6.37,0.218,0.117,2.11,10.76
594,1738,-1.856,4.95,ME,-2.018323906,4.978874914,Kajebril,WS1,Western South,WS,KAJEBRIL,Kejebril,4.1,0.476,0.117,7.95,20.76
595,1689,-2.182,5.954,ME,-2.001717134,5.776301476,Wassa Akr.,WS9,Western South,WS,WASSA AKROPONG,Wasa akropong,4.56,0.297,0.117,9.56,34.76
596,1490,0.456,7.258,MSSE,0.3780277,6.783841947,Hohoe,VR1,Volta,VR,KPEVE/HOHOE,Hohoe,5.34,0.197,0.117,4.08,12.76
597,1079,-1.398,7.038,DSFZ,-1.063797271,6.862212338,Juaso,AR8,Ashanti,AR,JUASO,Juaso,4.12,0.421,0.118,7.94,18.76
598,1740,-1.928,5.011,ME,-2.018323906,4.978874914,Kajebril,WS1,Western South,WS,KAJEBRIL,Kejebril,3.87,0.578,0.118,6.23,32.76
599,1099,-1.93,6.452,ME,-1.868067421,6.424132108,Antoakrom,AR4,Ashanti,AR,ANTOAKROM,Antoakrom,6.12,0.456,0.118,5.63,26.76
600,1506,0.335,6.68,MSSE,0.3780277,6.783841947,Hohoe,VR1,Volta,VR,KPEVE/HOHOE,Hohoe,4.95,0.426,0.118,7.55,16.76
601,1706,-2.527,5.521,WE,-2.37552058,5.47393191,Samreboi,WS8,Western South,WS,SAMREBOI,Samreboi,5.16,0.312,0.118,10.9,20.76
602,1071,-1.206,6.425,MSSE,-1.226476613,6.390639229,Fumso,AR3,Ashanti,AR,FUMSO,Fumso/Brofoyedru,5.49,0.391,0.119,5.24,12.76
603,1097,-1.821,6.437,MSSE,-1.868067421,6.424132108,Antoakrom,AR4,Ashanti,AR,ANTOAKROM,Antoakrom,4.54,0.331,0.12,6.45,24.76
604,1085,-1.233,6.575,MSSE,-1.063797271,6.862212338,Juaso,AR8,Ashanti,AR,JUASO,Juaso,3.96,0.241,0.12,4.8,14.76
605,1628,-2.825,5.81,ME,-2.805923039,5.865336091,Enchi,WN1,Western North,WN,ENCHI,Enchi,4.24,0.499,0.12,4.24,35.76
606,1659,-2.806,5.847,ME,-2.805923039,5.865336091,Enchi,WN1,Western North,WN,ENCHI,Enchi,5.22,0.351,0.121,4.24,22.76
607,1375,-0.601,6.482,MSSE,-0.631530883,6.364693865,Osino,ER6,Eastern,ER,OSINO,Osino,4.57,0.143,0.121,11.54,16.76
608,1123,-1.446,6.402,MSSE,-1.495859247,6.490210004,Bekwai,AR5,Ashanti,AR,BEKWAI,Bekwai,5.39,0.905,0.121,6.95,40.76
609,1270,-1.212,5.345,DSIZ,-1.370987564,5.283619732,Jukwa,CR1,Central,CR,JUKWA,Jukwa,6.7,0.306,0.121,7.55,14.76
610,1634,-2.258,6.122,ME,-2.322693462,6.108019927,Sefwi Bekwai,WN3,Western North,WN,SEFWI BEKWAI,Sefwi Bekwai,4.76,0.349,0.121,8.01,12.76
611,1741,-1.943,4.99,ME,-2.018323906,4.978874914,Kajebril,WS1,Western South,WS,KAJEBRIL,Kejebril,5.25,0.297,0.122,6.26,12.76
612,1718,-2.054,5.166,WE,-2.040812533,5.359265342,Tarkwa,WS6,Western South,WS,TARKWA,Tarkwa,4.77,0.361,0.122,8.42,24.76
613,1101,-1.974,6.389,ME,-1.868067421,6.424132108,Antoakrom,AR4,Ashanti,AR,ANTOAKROM,Antoakrom,4.26,0.27,0.122,3.94,24.76
614,1707,-2.567,5.64,WE,-2.37552058,5.47393191,Samreboi,WS8,Western South,WS,SAMREBOI,Samreboi,5.32,0.285,0.123,11.88,18.76
615,1272,-1.261,5.457,MSSE,-1.370987564,5.283619732,Jukwa,CR1,Central,CR,JUKWA,Jukwa,5.12,0.253,0.124,10.94,14.76
616,1654,-2.72,5.666,WE,-2.637524769,6.302919333,Boako,WN7,Western North,WN,BOAKO,Boinso,3.86,0.596,0.124,5.01,44.76
617,1564,-2.291,5.961,ME,-2.322693462,6.108019927,Sefwi Bekwai,WN3,Western North,WN,SEFWI BEKWAI,Sefwi Bekwai,5.07,0.417,0.124,7.89,36.76
618,1077,-1.477,7.052,DSIZ,-1.063797271,6.862212338,Juaso,AR8,Ashanti,AR,JUASO,Juaso,4.43,0.285,0.124,4.81,28.76
619,1691,-2.356,5.735,ME,-2.338601434,5.786313686,Asankragwa,WS10,Western South,WS,ASANKRAGWA,Asankragua,4.66,0.273,0.125,9,26.76
620,1693,-2.394,5.705,WE,-2.338601434,5.786313686,Asankragwa,WS10,Western South,WS,ASANKRAGWA,Asankragua,4.66,0.273,0.125,9.89,26.76
621,1447,-0.736,5.995,MSSE,-0.862484798,5.930914035,Bawdua,ER3,Eastern,ER,BAWDUA,Bawdua,5.11,0.262,0.125,10.88,18.76
622,1573,-2.869,6.033,ME,-2.629587709,6.059271224,Akontombra,WN2,Western North,WN,AKONTOMBRA,Akontombra,6.2,0.393,0.125,3.32,29.76
623,1648,-3.007,6.266,ME,-3.035834694,6.206728686,Dadieso,WN4,Western North,WN,DADIESO,Dadieso,4.86,0.321,0.126,5.16,20.76
624,1091,-0.927,6.593,MSSE,-1.063797271,6.862212338,Juaso,AR8,Ashanti,AR,JUASO,Juaso,5.49,0.674,0.127,4.18,28.76
625,1439,-0.946,5.94,MSSE,-0.862484798,5.930914035,Bawdua,ER3,Eastern,ER,BAWDUA,Bawdua,4.35,0.191,0.127,11.49,24.76
626,1700,-2.531,5.579,WE,-2.37552058,5.47393191,Samreboi,WS8,Western South,WS,SAMREBOI,Samreboi,5.52,0.377,0.128,8.94,38.76
627,1532,0.528,7.915,MSSE,0.325682011,7.944587834,Papase,VR3,Volta,VR,PAPASE,Papase,6.54,0.517,0.128,9.5,16.76
628,1419,-0.651,5.89,MSSE,-0.742503709,5.820003506,Asamankese,ER1,Eastern,ER,ASAMANKESE,Asamankese,5.79,0.323,0.128,11.05,20.76
629,1692,-2.389,5.72,ME,-2.338601434,5.786313686,Asankragwa,WS10,Western South,WS,ASANKRAGWA,Asankragua,4.16,0.286,0.128,9.12,16.76
630,1076,-1.542,7.089,DSFZ,-1.063797271,6.862212338,Juaso,AR8,Ashanti,AR,JUASO,Juaso,4.56,0.303,0.128,5.64,12.76
631,1537,0.547,8.113,MSSE,0.325682011,7.944587834,Papase,VR3,Volta,VR,PAPASE,Papase,5.6,0.412,0.129,5.89,12.76
632,1470,-0.918,6.372,MSSE,-0.929436663,6.342136409,New Abirem,ER7,Eastern,ER,NEW ABIREM,New Abirem,4.27,0.276,0.129,10.52,20.76
633,1724,-1.936,5.501,WE,-1.798007291,5.43762705,Huni Valley,WS5,Western South,WS,HUNI VALLEY,Huni Valley,4.13,0.396,0.129,5.99,26.76
634,1733,-1.733,5.109,MSSE,-1.692781412,5.212855041,Daboase,WS3,Western South,WS,DABOASE,Daboase,4.39,0.355,0.129,7.66,26.76
635,1074,-1.498,6.211,MSSE,-1.226476613,6.390639229,Fumso,AR3,Ashanti,AR,FUMSO,Fumso/Brofoyedru,5.39,1.001,0.13,5.28,28.76
636,1471,-0.928,6.368,MSSE,-0.929436663,6.342136409,New Abirem,ER7,Eastern,ER,NEW ABIREM,New Abirem,3.98,0.298,0.13,11.58,24.76
637,1030,-1.311,6.722,MSSE,-1.438686829,7.026720576,Mampong,AR11,Ashanti,AR,MAMPONG,Mampong,4.69,0.69,0.13,8.05,18.76
638,1117,-1.579,6.558,MSSE,-1.495859247,6.490210004,Bekwai,AR5,Ashanti,AR,BEKWAI,Bekwai,5.08,0.379,0.131,2.27,14.76
639,1295,-0.926,5.492,MSSE,-0.978686053,5.441262108,Asikuma,CR4,Central,CR,ASIKUMA,Ajumako,6,0.197,0.131,14.33,12.76
640,1677,-2.664,5.784,ME,-2.805923039,5.865336091,Enchi,WN1,Western North,WN,ENCHI,Enchi,4.46,0.422,0.132,4.11,42.76
641,1511,0.449,7.326,MSSE,0.3230078,7.477678956,Jasikan,VR2,Volta,VR,JASIKAN,Jasikan,4.47,0.139,0.132,5.29,10.76
642,1686,-2.134,5.895,ME,-2.001717134,5.776301476,Wassa Akr.,WS9,Western South,WS,WASSA AKROPONG,Wasa akropong,4.04,0.338,0.132,11.01,34.76
643,1114,-1.733,6.139,ME,-1.738893997,6.156136297,Obuasi,AR2,Ashanti,AR,OBUASI,Obuasi,4.66,0.534,0.132,6.5,28.76
644,1486,0.516,7.026,MSSE,0.3780277,6.783841947,Hohoe,VR1,Volta,VR,KPEVE/HOHOE,Hohoe,4.78,0.555,0.132,9.32,10.76
645,1563,-2.29,6.066,ME,-2.322693462,6.108019927,Sefwi Bekwai,WN3,Western North,WN,SEFWI BEKWAI,Sefwi Bekwai,5,0.435,0.133,8.22,30.76
646,1317,-1.756,5.818,ME,-1.705505311,5.812223868,Dunkwa,CR6,Central,CR,DUNKWA,Dunkwa,4.87,0.28,0.133,5.59,18.76
647,1695,-2.436,5.699,WE,-2.338601434,5.786313686,Asankragwa,WS10,Western South,WS,ASANKRAGWA,Asankragua,4.88,0.483,0.134,10.78,34.76
648,1250,-1.272,5.574,ME,-1.383082632,5.540127719,Twifo Praso,CR3,Central,CR,TWIFO PRASO,Twifo Praso,5.69,0.186,0.135,3.08,10.76
649,1755,-2.276,5.097,WE,-2.357720735,5.092956821,Aiyinase,WS2,Western South,WS,AIYINASE,Aiyinase,6.61,0.585,0.135,7.93,18.76
650,1742,-1.947,4.931,ME,-2.018323906,4.978874914,Kajebril,WS1,Western South,WS,KAJEBRIL,Kejebril,4.27,0.168,0.135,7.26,14.76
651,1105,-1.566,6.302,MSSE,-1.738893997,6.156136297,Obuasi,AR2,Ashanti,AR,OBUASI,Obuasi,5.25,0.261,0.136,5.3,26.76
652,1613,-2.579,5.427,WE,-2.681439144,5.59802869,Boinso,WS7,Western North,WS,BOINSO,Boinso,4.15,0.538,0.137,3.12,34.76
653,1625,-2.714,5.906,ME,-2.805923039,5.865336091,Enchi,WN1,Western North,WN,ENCHI,Enchi,5.49,0.503,0.137,4.12,38.76
654,1716,-2.028,5.444,WE,-2.040812533,5.359265342,Tarkwa,WS6,Western South,WS,TARKWA,Tarkwa,3.9,0.216,0.138,9.59,14.76
655,1636,-2.728,5.464,WE,-2.681439144,5.59802869,Boinso,WS7,Western North,WS,BOINSO,Boinso,4.75,0.272,0.139,3.22,26.76
656,1061,-1.33,6.033,MSSE,-1.397442,6.05230506,New Edubease,AR1,Ashanti,AR,NEW EDUBIASE,New Edubease,5.42,0.682,0.14,6.54,30.76
657,1684,-2.03,5.768,ME,-2.001717134,5.776301476,Wassa Akr.,WS9,Western South,WS,WASSA AKROPONG,Wasa akropong,4.62,0.332,0.14,8.69,30.76
658,1219,-1.856,5.956,ME,-2.051411064,6.085169709,Diaso,CR7,Central,CR,DIASO,Diaso,4.31,0.487,0.141,7,38.76
659,1699,-2.531,5.591,WE,-2.37552058,5.47393191,Samreboi,WS8,Western South,WS,SAMREBOI,Samreboi,5.39,0.271,0.141,7.99,32.76
660,1424,-1.144,5.873,ME,-1.089119806,6.00923039,Oda,ER4,Eastern,ER,ODA,Oda,4.7,0.095,0.141,10.71,12.76
661,1238,-1.425,5.766,ME,-1.388230252,5.776940259,Fosu,CR5,Central,CR,FOSU,Assin Foso,5.18,0.204,0.143,2.96,8.76
662,1680,-1.916,5.847,ME,-2.001717134,5.776301476,Wassa Akr.,WS9,Western South,WS,WASSA AKROPONG,Wasa akropong,4.48,0.514,0.143,7.26,16.76
663,1703,-2.572,5.537,WE,-2.37552058,5.47393191,Samreboi,WS8,Western South,WS,SAMREBOI,Samreboi,4.31,0.183,0.143,12.98,24.76
664,1264,-1.606,5.61,ME,-1.388230252,5.776940259,Fosu,CR5,Central,CR,FOSU,Assin Foso,6.4,0.296,0.145,2.79,22.76
665,1688,-2.148,5.935,ME,-2.001717134,5.776301476,Wassa Akr.,WS9,Western South,WS,WASSA AKROPONG,Wasa akropong,4.54,0.421,0.145,10.11,42.76
666,1322,-1.849,5.88,ME,-1.705505311,5.812223868,Dunkwa,CR6,Central,CR,DUNKWA,Dunkwa,4,0.541,0.145,7.95,32.76
667,1714,-1.987,5.432,WE,-2.040812533,5.359265342,Tarkwa,WS6,Western South,WS,TARKWA,Tarkwa,4.32,0.279,0.146,8.96,24.76
668,1559,-2.633,5.678,WE,-2.681439144,5.59802869,Boinso,WS7,Western North,WS,BOINSO,Boinso,3.85,0.195,0.146,3.95,28.76
669,1084,-1.224,6.663,MSSE,-1.063797271,6.862212338,Juaso,AR8,Ashanti,AR,JUASO,Juaso,4.12,0.375,0.147,6.98,18.76
670,1316,-1.723,5.825,ME,-1.705505311,5.812223868,Dunkwa,CR6,Central,CR,DUNKWA,Dunkwa,4.92,0.378,0.148,6.26,28.76
671,1757,-2.76,5.278,WE,-2.664573224,5.177631078,Elubo,WS4,Western South,WS,ELUBO,Elubo,4.59,0.465,0.148,8.96,32.76
672,1332,-0.182,5.862,DSIZ,-0.116434066,6.222062609,Oyoko,ER9,Eastern,ER,OYOKO,Oyoko,3.73,0.28,0.148,13.43,28.76
673,1231,-2.179,6.147,ME,-2.051411064,6.085169709,Diaso,CR7,Central,CR,DIASO,Diaso,5.33,0.371,0.148,7.15,28.76
674,1614,-2.703,5.782,ME,-2.681439144,5.59802869,Boinso,WS7,Western North,WS,BOINSO,Boinso,4.54,0.339,0.148,2.99,34.76
675,1081,-1.115,6.726,MSSE,-1.063797271,6.862212338,Juaso,AR8,Ashanti,AR,JUASO,Juaso,3.68,0.324,0.149,5.05,16.76
676,1709,-2.446,5.449,WE,-2.37552058,5.47393191,Samreboi,WS8,Western South,WS,SAMREBOI,Samreboi,5.11,0.206,0.149,9.21,10.76
677,1599,-2.929,6.432,MSNW,-2.908183268,6.419964677,Juaboso,WN8,Western North,WN,JUABOSO,Juaboso,6,0.481,0.149,3.31,36.76
678,1215,-1.055,5.661,MSSE,-0.684977864,5.606130256,Nyakrom,CR2,Central,CR,NYAKROM,Nyarkrom,5.9,0.225,0.149,2.56,8.76
679,1719,-2.021,5.247,WE,-2.040812533,5.359265342,Tarkwa,WS6,Western South,WS,TARKWA,Tarkwa,3.9,0.409,0.15,8.91,20.76
680,1761,-2.721,5.218,WE,-2.664573224,5.177631078,Elubo,WS4,Western South,WS,ELUBO,Elubo,4.25,0.277,0.151,6.78,18.76
681,1720,-1.892,5.317,WE,-2.040812533,5.359265342,Tarkwa,WS6,Western South,WS,TARKWA,Tarkwa,3.97,0.43,0.151,9.01,18.76
682,1748,-2.299,5.056,WE,-2.357720735,5.092956821,Aiyinase,WS2,Western South,WS,AIYINASE,Aiyinase,4.69,0.456,0.151,10,24.76
683,1450,-0.91,6.636,MSSE,-0.665088912,6.619832184,Nkwakwa,ER10,Eastern,ER,NKAWKAW,Nkawkaw,4.68,0.143,0.152,12.68,14.76
684,1491,0.469,7.236,MSSE,0.3780277,6.783841947,Hohoe,VR1,Volta,VR,KPEVE/HOHOE,Hohoe,4.66,0.147,0.152,7.26,14.76
685,1504,0.35,6.742,MSSE,0.3780277,6.783841947,Hohoe,VR1,Volta,VR,KPEVE/HOHOE,Hohoe,5.76,0.447,0.152,12.96,18.76
686,1697,-2.522,5.615,WE,-2.37552058,5.47393191,Samreboi,WS8,Western South,WS,SAMREBOI,Samreboi,4.56,0.296,0.152,9.34,18.76
687,1702,-2.562,5.575,WE,-2.37552058,5.47393191,Samreboi,WS8,Western South,WS,SAMREBOI,Samreboi,4.65,0.262,0.153,9.99,16.76
688,1711,-2.429,5.42,WE,-2.37552058,5.47393191,Samreboi,WS8,Western South,WS,SAMREBOI,Samreboi,5.24,0.424,0.153,10.1,40.76
689,1461,-0.951,6.656,MSSE,-0.665088912,6.619832184,Nkwakwa,ER10,Eastern,ER,NKAWKAW,Nkawkaw,4.99,0.275,0.153,12.12,32.76
690,1758,-2.695,5.331,WE,-2.664573224,5.177631078,Elubo,WS4,Western South,WS,ELUBO,Elubo,5.01,0.246,0.154,10,14.76
691,1712,-2.465,5.433,WE,-2.37552058,5.47393191,Samreboi,WS8,Western South,WS,SAMREBOI,Samreboi,4.95,0.276,0.155,8.08,24.76
692,1760,-2.71,5.2,WE,-2.664573224,5.177631078,Elubo,WS4,Western South,WS,ELUBO,Elubo,3.9,0.296,0.155,5.99,14.76
693,1754,-2.378,5.062,WE,-2.357720735,5.092956821,Aiyinase,WS2,Western South,WS,AIYINASE,Aiyinase,4.59,0.446,0.155,7.9,30.76
694,1087,-1.123,6.545,MSSE,-1.063797271,6.862212338,Juaso,AR8,Ashanti,AR,JUASO,Juaso,5.28,0.668,0.156,4.08,20.76
695,1321,-1.8,5.889,ME,-1.705505311,5.812223868,Dunkwa,CR6,Central,CR,DUNKWA,Dunkwa,5.28,0.213,0.156,4.85,18.76
696,1446,-0.711,5.999,MSSE,-0.862484798,5.930914035,Bawdua,ER3,Eastern,ER,BAWDUA,Bawdua,5.17,0.168,0.156,16.01,18.76
697,1109,-1.714,6.224,ME,-1.738893997,6.156136297,Obuasi,AR2,Ashanti,AR,OBUASI,Obuasi,3.94,0.709,0.156,7.9,28.76
698,1756,-2.745,5.317,WE,-2.664573224,5.177631078,Elubo,WS4,Western South,WS,ELUBO,Elubo,4.14,0.444,0.158,8.11,32.76
699,1474,0.488,6.84,MSSE,0.3780277,6.783841947,Hohoe,VR1,Volta,VR,KPEVE/HOHOE,Hohoe,4.89,0.374,0.158,6.72,16.76
700,1630,-2.828,6.005,ME,-2.629587709,6.059271224,Akontombra,WN2,Western North,WN,AKONTOMBRA,Akontombra,4.62,0.173,0.159,2.14,10.76
701,1473,0.507,6.862,MSSE,0.3780277,6.783841947,Hohoe,VR1,Volta,VR,KPEVE/HOHOE,Hohoe,5.14,0.367,0.159,14,14.76
702,1713,-2.482,5.398,WE,-2.37552058,5.47393191,Samreboi,WS8,Western South,WS,SAMREBOI,Samreboi,4.76,0.29,0.159,7.03,24.76
703,1650,-2.98,6.27,ME,-3.035834694,6.206728686,Dadieso,WN4,Western North,WN,DADIESO,Dadieso,5.3,0.354,0.159,5,12.76
704,1753,-2.401,5.053,WE,-2.357720735,5.092956821,Aiyinase,WS2,Western South,WS,AIYINASE,Aiyinase,4.83,0.431,0.159,8.15,26.76
705,1747,-1.892,5.047,ME,-2.018323906,4.978874914,Kajebril,WS1,Western South,WS,KAJEBRIL,Kejebril,3.65,0.575,0.161,9.19,40.76
706,1629,-2.817,6.025,ME,-2.629587709,6.059271224,Akontombra,WN2,Western North,WN,AKONTOMBRA,Akontombra,4.34,0.569,0.161,3.21,36.76
707,1701,-2.554,5.58,WE,-2.37552058,5.47393191,Samreboi,WS8,Western South,WS,SAMREBOI,Samreboi,5.65,0.263,0.162,9.19,28.76
708,1065,-1.382,6.139,MSSE,-1.397442,6.05230506,New Edubease,AR1,Ashanti,AR,NEW EDUBIASE,New Edubease,3.45,0.373,0.162,7.41,30.76
709,1227,-2.101,6.111,ME,-2.051411064,6.085169709,Diaso,CR7,Central,CR,DIASO,Diaso,4.67,0.177,0.162,9.1,18.76
710,1762,-2.656,5.192,WE,-2.664573224,5.177631078,Elubo,WS4,Western South,WS,ELUBO,Elubo,4.44,0.372,0.163,9.01,14.76
711,1678,-1.949,5.922,ME,-2.001717134,5.776301476,Wassa Akr.,WS9,Western South,WS,WASSA AKROPONG,Wasa akropong,3.98,0.487,0.164,14.22,42.76
712,1749,-2.304,5.035,WE,-2.357720735,5.092956821,Aiyinase,WS2,Western South,WS,AIYINASE,Aiyinase,4.85,0.425,0.164,11,28.76
713,1274,-1.498,5.404,ME,-1.383082632,5.540127719,Twifo Praso,CR3,Central,CR,TWIFO PRASO,Twifo Praso,5.2,0.184,0.164,19.92,8.76
714,1698,-2.534,5.605,WE,-2.37552058,5.47393191,Samreboi,WS8,Western South,WS,SAMREBOI,Samreboi,3.97,0.472,0.164,8.73,32.76
715,1223,-1.985,6.023,ME,-2.051411064,6.085169709,Diaso,CR7,Central,CR,DIASO,Diaso,4.74,0.249,0.165,8.54,14.76
716,1696,-2.383,5.737,ME,-2.338601434,5.786313686,Asankragwa,WS10,Western South,WS,ASANKRAGWA,Asankragua,5.08,0.248,0.165,10.1,26.76
717,1687,-2.136,5.941,ME,-2.001717134,5.776301476,Wassa Akr.,WS9,Western South,WS,WASSA AKROPONG,Wasa akropong,3.83,0.526,0.165,9.98,34.76
718,1705,-2.539,5.529,WE,-2.37552058,5.47393191,Samreboi,WS8,Western South,WS,SAMREBOI,Samreboi,4.12,0.249,0.166,11,22.76
719,1277,-1.523,5.363,ME,-1.370987564,5.283619732,Jukwa,CR1,Central,CR,JUKWA,Jukwa,5.61,0.244,0.167,26.24,12.76
720,1708,-2.454,5.464,WE,-2.37552058,5.47393191,Samreboi,WS8,Western South,WS,SAMREBOI,Samreboi,4.8,0.274,0.167,9.2,40.76
721,1759,-2.705,5.344,WE,-2.664573224,5.177631078,Elubo,WS4,Western South,WS,ELUBO,Elubo,4.06,0.354,0.168,6.98,24.76
722,1225,-2.015,6.079,ME,-2.051411064,6.085169709,Diaso,CR7,Central,CR,DIASO,Diaso,4.39,0.349,0.168,8.07,18.76
723,1710,-2.42,5.408,WE,-2.37552058,5.47393191,Samreboi,WS8,Western South,WS,SAMREBOI,Samreboi,4.81,0.231,0.168,10,24.76
724,1314,-1.69,5.889,ME,-1.705505311,5.812223868,Dunkwa,CR6,Central,CR,DUNKWA,Dunkwa,5.62,0.301,0.169,9.23,28.76
725,1253,-1.225,5.767,ME,-1.388230252,5.776940259,Fosu,CR5,Central,CR,FOSU,Assin Foso,5.72,0.177,0.169,3.15,6.76
726,1690,-2.163,5.622,ME,-2.338601434,5.786313686,Asankragwa,WS10,Western South,WS,ASANKRAGWA,Asankragua,3.9,0.282,0.173,9.01,18.76
727,1320,-1.797,5.845,ME,-1.705505311,5.812223868,Dunkwa,CR6,Central,CR,DUNKWA,Dunkwa,4.06,0.251,0.173,12.23,20.76
728,1269,-1.194,5.321,DSIZ,-1.370987564,5.283619732,Jukwa,CR1,Central,CR,JUKWA,Jukwa,4.82,0.175,0.178,7.3,4.76
729,1681,-1.981,5.858,ME,-2.001717134,5.776301476,Wassa Akr.,WS9,Western South,WS,WASSA AKROPONG,Wasa akropong,5,0.369,0.181,5.33,30.76
730,1315,-1.689,5.819,ME,-1.705505311,5.812223868,Dunkwa,CR6,Central,CR,DUNKWA,Dunkwa,4.26,0.224,0.181,4.24,26.76
731,1604,-2.241,6.404,MSSE,-2.248519818,6.315543698,Bibiani,WN6,Western North,WN,BIBIANI,Bibiani,5.83,0.353,0.182,2.7,12.76
732,1230,-0.847,5.64,MSSE,-0.684977864,5.606130256,Nyakrom,CR2,Central,CR,NYAKROM,Nyarkrom,7.08,0.397,0.184,1.98,6.76
733,1682,-2.013,5.858,ME,-2.001717134,5.776301476,Wassa Akr.,WS9,Western South,WS,WASSA AKROPONG,Wasa akropong,4.08,0.14,0.185,6.32,38.76
734,1354,-0.417,6.303,MSSE,-0.435991616,6.297230947,Tafo,ER8,Eastern,ER,TAFO,Kibi/Tafo,4.89,0.163,0.186,8.74,14.76
735,1221,-2.062,6.112,ME,-2.051411064,6.085169709,Diaso,CR7,Central,CR,DIASO,Diaso,5.02,0.485,0.189,8.98,20.76
736,1229,-2.104,6.091,ME,-2.051411064,6.085169709,Diaso,CR7,Central,CR,DIASO,Diaso,5.09,0.535,0.191,8,38.76
737,1685,-2.069,5.772,ME,-2.001717134,5.776301476,Wassa Akr.,WS9,Western South,WS,WASSA AKROPONG,Wasa akropong,5.03,0.403,0.194,5.96,30.76
738,1233,-2.124,6.161,ME,-2.051411064,6.085169709,Diaso,CR7,Central,CR,DIASO,Diaso,5.43,0.438,0.195,8.12,28.76
739,1235,-2.09,6.257,ME,-2.051411064,6.085169709,Diaso,CR7,Central,CR,DIASO,Diaso,4.42,0.187,0.2,6.01,18.76
